IdReportePedidosxPdv;CodigoPdv;NombrePdv;FechaPos;TiempoTotalMinutos
15;268;PLUS No. 2 COUNTRY;21/03/2015 23:46;12
15;268;PLUS No. 2 COUNTRY;21/03/2015 22:55;35
15;268;PLUS No. 2 COUNTRY;21/03/2015 23:29;1
15;268;PLUS No. 2 COUNTRY;21/03/2015 22:21;66
15;268;PLUS No. 2 COUNTRY;21/03/2015 21:39;48
15;268;PLUS No. 2 COUNTRY;21/03/2015 21:49;38
15;268;PLUS No. 2 COUNTRY;21/03/2015 21:26;59
15;268;PLUS No. 2 COUNTRY;21/03/2015 21:29;58
15;268;PLUS No. 2 COUNTRY;21/03/2015 21:20;61
15;268;PLUS No. 2 COUNTRY;21/03/2015 20:44;40
15;268;PLUS No. 2 COUNTRY;21/03/2015 20:43;31
15;268;PLUS No. 2 COUNTRY;21/03/2015 20:09;47
15;268;PLUS No. 2 COUNTRY;21/03/2015 20:20;37
15;268;PLUS No. 2 COUNTRY;21/03/2015 19:56;13
15;268;PLUS No. 2 COUNTRY;21/03/2015 19:37;45
15;268;PLUS No. 2 COUNTRY;21/03/2015 19:39;43
15;268;PLUS No. 2 COUNTRY;21/03/2015 19:44;38
15;268;PLUS No. 2 COUNTRY;21/03/2015 19:49;33
15;268;PLUS No. 2 COUNTRY;21/03/2015 19:19;27
15;268;PLUS No. 2 COUNTRY;21/03/2015 19:22;45
15;237;COUNTRY 2;21/03/2015 18:33;33
15;268;PLUS No. 2 COUNTRY;21/03/2015 18:31;40
15;268;PLUS No. 2 COUNTRY;21/03/2015 18:50;105
15;268;PLUS No. 2 COUNTRY;21/03/2015 18:43;89
15;268;PLUS No. 2 COUNTRY;21/03/2015 18:55;77
15;268;PLUS No. 2 COUNTRY;21/03/2015 18:24;49
15;268;PLUS No. 2 COUNTRY;21/03/2015 17:49;41
15;268;PLUS No. 2 COUNTRY;21/03/2015 17:50;39
15;268;PLUS No. 2 COUNTRY;21/03/2015 17:39;35
15;268;PLUS No. 2 COUNTRY;21/03/2015 17:44;40
15;268;PLUS No. 2 COUNTRY;21/03/2015 17:29;42
15;237;COUNTRY 2;21/03/2015 17:17;30
15;268;PLUS No. 2 COUNTRY;21/03/2015 17:14;39
15;237;COUNTRY 2;21/03/2015 16:46;27
15;268;PLUS No. 2 COUNTRY;21/03/2015 16:50;68
15;268;PLUS No. 2 COUNTRY;21/03/2015 16:46;44
15;268;PLUS No. 2 COUNTRY;21/03/2015 16:07;38
15;268;PLUS No. 2 COUNTRY;21/03/2015 15:43;30
15;268;PLUS No. 2 COUNTRY;21/03/2015 13:11;61
15;268;PLUS No. 2 COUNTRY;21/03/2015 12:31;60
15;268;PLUS No. 2 COUNTRY;21/03/2015 12:38;64
15;268;PLUS No. 2 COUNTRY;21/03/2015 11:52;70
15;237;COUNTRY 2;21/03/2015 11:46;115
15;268;PLUS No. 2 COUNTRY;21/03/2015 11:50;77
15;268;PLUS No. 2 COUNTRY;21/03/2015 12:05;61
15;268;PLUS No. 2 COUNTRY;21/03/2015 12:11;26
15;268;PLUS No. 2 COUNTRY;21/03/2015 11:17;45
15;268;PLUS No. 2 COUNTRY;21/03/2015 11:29;33
15;268;PLUS No. 2 COUNTRY;21/03/2015 10:59;26
15;268;PLUS No. 2 COUNTRY;21/03/2015 10:37;88
15;229;HEROES 1;21/03/2015 11:20;152
15;229;HEROES 1;21/03/2015 11:35;78
15;268;PLUS No. 2 COUNTRY;21/03/2015 12:20;201
15;237;COUNTRY 2;21/03/2015 09:54;43
15;268;PLUS No. 2 COUNTRY;21/03/2015 09:45;30
15;268;PLUS No. 2 COUNTRY;21/03/2015 09:46;66
15;268;PLUS No. 2 COUNTRY;21/03/2015 09:20;36
15;268;PLUS No. 2 COUNTRY;21/03/2015 09:29;46
15;229;HEROES 1;21/03/2015 08:39;50
15;268;PLUS No. 2 COUNTRY;21/03/2015 08:16;29
15;237;COUNTRY 2;21/03/2015 08:03;44
15;268;PLUS No. 2 COUNTRY;20/03/2015 21:20;28
15;268;PLUS No. 2 COUNTRY;21/03/2015 06:28;12
15;268;PLUS No. 2 COUNTRY;21/03/2015 06:29;14
15;268;PLUS No. 2 COUNTRY;21/03/2015 06:31;13
15;268;PLUS No. 2 COUNTRY;21/03/2015 06:32;12
15;268;PLUS No. 2 COUNTRY;21/03/2015 02:11;2
15;268;PLUS No. 2 COUNTRY;21/03/2015 01:38;11
15;268;PLUS No. 2 COUNTRY;20/03/2015 23:54;12
15;268;PLUS No. 2 COUNTRY;20/03/2015 23:14;13
15;268;PLUS No. 2 COUNTRY;20/03/2015 22:49;27
15;268;PLUS No. 2 COUNTRY;20/03/2015 21:46;37
15;268;PLUS No. 2 COUNTRY;20/03/2015 21:50;33
15;268;PLUS No. 2 COUNTRY;20/03/2015 21:52;88
15;268;PLUS No. 2 COUNTRY;20/03/2015 21:53;16
15;268;PLUS No. 2 COUNTRY;20/03/2015 21:35;73
15;268;PLUS No. 2 COUNTRY;20/03/2015 21:41;67
15;268;PLUS No. 2 COUNTRY;20/03/2015 21:43;65
15;229;HEROES 1;20/03/2015 20:50;49
15;268;PLUS No. 2 COUNTRY;20/03/2015 20:50;56
15;268;PLUS No. 2 COUNTRY;20/03/2015 21:22;18
15;268;PLUS No. 2 COUNTRY;20/03/2015 20:31;79
15;268;PLUS No. 2 COUNTRY;20/03/2015 20:57;42
15;268;PLUS No. 2 COUNTRY;20/03/2015 20:29;44
15;268;PLUS No. 2 COUNTRY;20/03/2015 20:13;49
15;237;COUNTRY 2;20/03/2015 20:12;35
15;229;HEROES 1;20/03/2015 20:20;50
15;229;HEROES 1;20/03/2015 19:46;27
15;268;PLUS No. 2 COUNTRY;20/03/2015 19:43;30
15;268;PLUS No. 2 COUNTRY;20/03/2015 19:52;38
15;268;PLUS No. 2 COUNTRY;20/03/2015 19:56;40
15;268;PLUS No. 2 COUNTRY;20/03/2015 19:42;82
15;268;PLUS No. 2 COUNTRY;20/03/2015 19:09;22
15;229;HEROES 1;20/03/2015 19:03;31
15;268;PLUS No. 2 COUNTRY;20/03/2015 18:58;18
15;268;PLUS No. 2 COUNTRY;20/03/2015 18:48;40
15;237;COUNTRY 2;20/03/2015 18:47;39
15;268;PLUS No. 2 COUNTRY;20/03/2015 18:29;38
15;268;PLUS No. 2 COUNTRY;20/03/2015 18:36;20
15;237;COUNTRY 2;20/03/2015 18:20;52
15;268;PLUS No. 2 COUNTRY;20/03/2015 19:20;89
15;229;HEROES 1;20/03/2015 17:55;19
15;229;HEROES 1;20/03/2015 18:50;75
15;268;PLUS No. 2 COUNTRY;20/03/2015 17:50;74
15;268;PLUS No. 2 COUNTRY;20/03/2015 17:04;37
15;268;PLUS No. 2 COUNTRY;20/03/2015 17:13;19
15;237;COUNTRY 2;20/03/2015 16:58;37
15;229;HEROES 1;20/03/2015 16:53;31
15;229;HEROES 1;20/03/2015 16:24;52
15;237;COUNTRY 2;20/03/2015 16:22;70
15;237;COUNTRY 2;20/03/2015 16:43;49
15;268;PLUS No. 2 COUNTRY;20/03/2015 16:13;54
15;268;PLUS No. 2 COUNTRY;20/03/2015 16:22;54
15;229;HEROES 1;20/03/2015 16:10;40
15;229;HEROES 1;20/03/2015 15:02;103
15;268;PLUS No. 2 COUNTRY;20/03/2015 15:20;65
15;268;PLUS No. 2 COUNTRY;20/03/2015 14:44;63
15;268;PLUS No. 2 COUNTRY;20/03/2015 14:56;37
15;229;HEROES 1;20/03/2015 14:29;41
15;268;PLUS No. 2 COUNTRY;20/03/2015 15:20;98
15;268;PLUS No. 2 COUNTRY;20/03/2015 15:10;121
15;268;PLUS No. 2 COUNTRY;20/03/2015 15:25;74
15;268;PLUS No. 2 COUNTRY;20/03/2015 15:28;56
15;268;PLUS No. 2 COUNTRY;20/03/2015 16:01;22
15;237;COUNTRY 2;20/03/2015 14:26;94
15;237;COUNTRY 2;20/03/2015 14:49;71
15;268;PLUS No. 2 COUNTRY;20/03/2015 14:15;35
15;268;PLUS No. 2 COUNTRY;20/03/2015 14:17;18
15;268;PLUS No. 2 COUNTRY;20/03/2015 14:20;66
15;229;HEROES 1;20/03/2015 14:01;33
15;268;PLUS No. 2 COUNTRY;20/03/2015 13:42;26
15;237;COUNTRY 2;20/03/2015 13:37;54
15;268;PLUS No. 2 COUNTRY;20/03/2015 13:24;33
15;268;PLUS No. 2 COUNTRY;20/03/2015 13:12;39
15;268;PLUS No. 2 COUNTRY;20/03/2015 12:52;38
15;268;PLUS No. 2 COUNTRY;20/03/2015 12:45;32
15;229;HEROES 1;20/03/2015 12:45;73
15;268;PLUS No. 2 COUNTRY;20/03/2015 12:16;48
15;268;PLUS No. 2 COUNTRY;20/03/2015 12:24;20
15;268;PLUS No. 2 COUNTRY;20/03/2015 12:25;37
15;268;PLUS No. 2 COUNTRY;20/03/2015 12:07;48
15;268;PLUS No. 2 COUNTRY;20/03/2015 11:58;48
15;237;COUNTRY 2;20/03/2015 11:50;39
15;237;COUNTRY 2;20/03/2015 11:51;50
15;237;COUNTRY 2;20/03/2015 11:52;36
15;268;PLUS No. 2 COUNTRY;20/03/2015 11:44;30
15;268;PLUS No. 2 COUNTRY;20/03/2015 11:43;44
15;268;PLUS No. 2 COUNTRY;20/03/2015 11:08;49
15;268;PLUS No. 2 COUNTRY;20/03/2015 11:06;64
15;237;COUNTRY 2;20/03/2015 11:00;53
15;268;PLUS No. 2 COUNTRY;20/03/2015 10:31;66
15;268;PLUS No. 2 COUNTRY;20/03/2015 10:17;55
15;268;PLUS No. 2 COUNTRY;20/03/2015 09:58;44
15;268;PLUS No. 2 COUNTRY;20/03/2015 10:02;43
15;268;PLUS No. 2 COUNTRY;20/03/2015 09:42;20
15;237;COUNTRY 2;20/03/2015 09:29;60
15;229;HEROES 1;20/03/2015 10:20;105
15;268;PLUS No. 2 COUNTRY;20/03/2015 08:26;53
15;268;PLUS No. 2 COUNTRY;20/03/2015 08:45;36
15;229;HEROES 1;20/03/2015 08:20;107
15;229;HEROES 1;20/03/2015 08:18;93
15;229;HEROES 1;20/03/2015 08:29;83
15;229;HEROES 1;20/03/2015 08:49;63
15;268;PLUS No. 2 COUNTRY;20/03/2015 08:17;55
15;268;PLUS No. 2 COUNTRY;20/03/2015 07:47;57
15;268;PLUS No. 2 COUNTRY;20/03/2015 07:07;79
15;268;PLUS No. 2 COUNTRY;20/03/2015 06:13;46
15;268;PLUS No. 2 COUNTRY;20/03/2015 01:56;15
15;268;PLUS No. 2 COUNTRY;20/03/2015 00:16;55
15;268;PLUS No. 2 COUNTRY;19/03/2015 22:20;106
15;268;PLUS No. 2 COUNTRY;19/03/2015 21:50;92
15;268;PLUS No. 2 COUNTRY;19/03/2015 21:47;76
15;268;PLUS No. 2 COUNTRY;19/03/2015 22:40;24
15;268;PLUS No. 2 COUNTRY;19/03/2015 21:50;140
15;268;PLUS No. 2 COUNTRY;19/03/2015 21:46;118
15;268;PLUS No. 2 COUNTRY;19/03/2015 21:59;104
15;268;PLUS No. 2 COUNTRY;19/03/2015 22:03;101
15;268;PLUS No. 2 COUNTRY;19/03/2015 22:09;95
15;268;PLUS No. 2 COUNTRY;19/03/2015 21:10;33
15;268;PLUS No. 2 COUNTRY;19/03/2015 21:12;40
15;268;PLUS No. 2 COUNTRY;19/03/2015 21:21;84
15;268;PLUS No. 2 COUNTRY;19/03/2015 21:34;70
15;268;PLUS No. 2 COUNTRY;19/03/2015 20:40;87
15;268;PLUS No. 2 COUNTRY;19/03/2015 20:51;75
15;268;PLUS No. 2 COUNTRY;19/03/2015 21:06;60
15;237;COUNTRY 2;19/03/2015 20:34;59
15;268;PLUS No. 2 COUNTRY;19/03/2015 20:12;53
15;268;PLUS No. 2 COUNTRY;19/03/2015 20:32;32
15;268;PLUS No. 2 COUNTRY;19/03/2015 20:34;30
15;229;HEROES 1;19/03/2015 20:05;219
15;268;PLUS No. 2 COUNTRY;19/03/2015 20:02;45
15;268;PLUS No. 2 COUNTRY;19/03/2015 20:14;35
15;229;HEROES 1;19/03/2015 19:50;33
15;237;COUNTRY 2;19/03/2015 19:39;45
15;268;PLUS No. 2 COUNTRY;19/03/2015 19:27;56
15;268;PLUS No. 2 COUNTRY;19/03/2015 19:44;80
15;268;PLUS No. 2 COUNTRY;19/03/2015 19:52;73
15;268;PLUS No. 2 COUNTRY;19/03/2015 19:50;100
15;268;PLUS No. 2 COUNTRY;19/03/2015 19:10;41
15;237;COUNTRY 2;19/03/2015 19:07;38
15;268;PLUS No. 2 COUNTRY;19/03/2015 18:50;87
15;268;PLUS No. 2 COUNTRY;19/03/2015 18:58;44
15;268;PLUS No. 2 COUNTRY;19/03/2015 18:22;70
15;268;PLUS No. 2 COUNTRY;19/03/2015 18:23;68
15;237;COUNTRY 2;19/03/2015 18:21;29
15;268;PLUS No. 2 COUNTRY;19/03/2015 18:20;54
15;268;PLUS No. 2 COUNTRY;19/03/2015 18:10;69
15;268;PLUS No. 2 COUNTRY;19/03/2015 18:13;66
15;268;PLUS No. 2 COUNTRY;19/03/2015 17:59;44
15;237;COUNTRY 2;19/03/2015 17:43;26
15;237;COUNTRY 2;19/03/2015 17:03;50
15;268;PLUS No. 2 COUNTRY;19/03/2015 16:50;65
15;268;PLUS No. 2 COUNTRY;19/03/2015 17:28;27
15;237;COUNTRY 2;19/03/2015 16:41;47
15;229;HEROES 1;19/03/2015 16:20;40
15;237;COUNTRY 2;19/03/2015 16:18;70
15;268;PLUS No. 2 COUNTRY;19/03/2015 16:50;107
15;268;PLUS No. 2 COUNTRY;19/03/2015 16:52;72
15;268;PLUS No. 2 COUNTRY;19/03/2015 16:16;42
15;229;HEROES 1;19/03/2015 16:05;15
15;229;HEROES 1;19/03/2015 15:26;20
15;268;PLUS No. 2 COUNTRY;19/03/2015 15:22;40
15;268;PLUS No. 2 COUNTRY;19/03/2015 15:03;31
15;268;PLUS No. 2 COUNTRY;19/03/2015 15:08;35
15;268;PLUS No. 2 COUNTRY;19/03/2015 13:57;63
15;237;COUNTRY 2;19/03/2015 14:20;68
15;229;HEROES 1;19/03/2015 13:29;37
15;268;PLUS No. 2 COUNTRY;19/03/2015 13:29;78
15;229;HEROES 1;19/03/2015 13:13;15
15;268;PLUS No. 2 COUNTRY;19/03/2015 13:13;21
15;268;PLUS No. 2 COUNTRY;19/03/2015 13:01;47
15;268;PLUS No. 2 COUNTRY;19/03/2015 12:53;35
15;268;PLUS No. 2 COUNTRY;19/03/2015 12:55;34
15;268;PLUS No. 2 COUNTRY;19/03/2015 13:05;45
15;268;PLUS No. 2 COUNTRY;19/03/2015 12:25;55
15;268;PLUS No. 2 COUNTRY;19/03/2015 12:36;32
15;237;COUNTRY 2;19/03/2015 12:24;37
15;268;PLUS No. 2 COUNTRY;19/03/2015 13:20;122
15;268;PLUS No. 2 COUNTRY;19/03/2015 10:54;100
15;268;PLUS No. 2 COUNTRY;19/03/2015 11:13;81
15;268;PLUS No. 2 COUNTRY;19/03/2015 13:20;226
15;268;PLUS No. 2 COUNTRY;19/03/2015 13:30;64
15;268;PLUS No. 2 COUNTRY;19/03/2015 10:50;117
15;268;PLUS No. 2 COUNTRY;19/03/2015 11:08;90
15;268;PLUS No. 2 COUNTRY;19/03/2015 10:50;83
15;268;PLUS No. 2 COUNTRY;19/03/2015 10:13;62
15;268;PLUS No. 2 COUNTRY;19/03/2015 10:00;91
15;268;PLUS No. 2 COUNTRY;19/03/2015 10:02;89
15;268;PLUS No. 2 COUNTRY;19/03/2015 10:03;107
15;268;PLUS No. 2 COUNTRY;19/03/2015 10:12;107
15;237;COUNTRY 2;19/03/2015 09:58;72
15;237;COUNTRY 2;19/03/2015 10:21;73
15;268;PLUS No. 2 COUNTRY;19/03/2015 09:56;43
15;229;HEROES 1;19/03/2015 10:20;41
15;229;HEROES 1;19/03/2015 11:20;181
15;229;HEROES 1;19/03/2015 12:00;30
15;268;PLUS No. 2 COUNTRY;19/03/2015 09:13;74
15;229;HEROES 1;19/03/2015 09:20;47
15;268;PLUS No. 2 COUNTRY;19/03/2015 09:04;49
15;268;PLUS No. 2 COUNTRY;19/03/2015 09:06;48
15;268;PLUS No. 2 COUNTRY;19/03/2015 08:46;69
15;268;PLUS No. 2 COUNTRY;19/03/2015 08:56;91
15;268;PLUS No. 2 COUNTRY;19/03/2015 07:47;21
15;268;PLUS No. 2 COUNTRY;19/03/2015 07:53;23
15;229;HEROES 1;19/03/2015 07:50;58
15;268;PLUS No. 2 COUNTRY;19/03/2015 07:25;50
15;268;PLUS No. 2 COUNTRY;19/03/2015 07:09;13
15;268;PLUS No. 2 COUNTRY;19/03/2015 02:11;7
15;268;PLUS No. 2 COUNTRY;19/03/2015 00:18;14
15;268;PLUS No. 2 COUNTRY;19/03/2015 00:27;5
15;268;PLUS No. 2 COUNTRY;18/03/2015 23:09;14
15;268;PLUS No. 2 COUNTRY;18/03/2015 22:56;16
15;268;PLUS No. 2 COUNTRY;18/03/2015 22:05;49
15;268;PLUS No. 2 COUNTRY;18/03/2015 21:44;36
15;268;PLUS No. 2 COUNTRY;18/03/2015 21:48;31
15;268;PLUS No. 2 COUNTRY;18/03/2015 21:28;14
15;268;PLUS No. 2 COUNTRY;18/03/2015 20:46;39
15;268;PLUS No. 2 COUNTRY;18/03/2015 20:42;67
15;268;PLUS No. 2 COUNTRY;18/03/2015 20:48;51
15;268;PLUS No. 2 COUNTRY;18/03/2015 20:49;50
15;268;PLUS No. 2 COUNTRY;18/03/2015 20:26;41
15;268;PLUS No. 2 COUNTRY;18/03/2015 20:05;56
15;229;HEROES 1;18/03/2015 20:20;57
15;268;PLUS No. 2 COUNTRY;18/03/2015 19:36;30
15;229;HEROES 1;18/03/2015 19:34;79
15;229;HEROES 1;18/03/2015 19:36;68
15;229;HEROES 1;18/03/2015 19:37;84
15;229;HEROES 1;18/03/2015 19:38;48
15;268;PLUS No. 2 COUNTRY;18/03/2015 19:30;62
15;268;PLUS No. 2 COUNTRY;18/03/2015 20:20;108
15;268;PLUS No. 2 COUNTRY;18/03/2015 20:25;52
15;268;PLUS No. 2 COUNTRY;18/03/2015 20:27;79
15;237;COUNTRY 2;18/03/2015 19:22;32
15;268;PLUS No. 2 COUNTRY;18/03/2015 19:08;37
15;268;PLUS No. 2 COUNTRY;18/03/2015 19:20;94
15;268;PLUS No. 2 COUNTRY;18/03/2015 19:20;71
15;268;PLUS No. 2 COUNTRY;18/03/2015 19:25;66
15;268;PLUS No. 2 COUNTRY;18/03/2015 18:50;45
15;237;COUNTRY 2;18/03/2015 18:37;43
15;268;PLUS No. 2 COUNTRY;18/03/2015 18:50;90
15;268;PLUS No. 2 COUNTRY;18/03/2015 19:12;49
15;268;PLUS No. 2 COUNTRY;18/03/2015 18:29;93
15;268;PLUS No. 2 COUNTRY;18/03/2015 18:53;37
15;268;PLUS No. 2 COUNTRY;18/03/2015 18:56;77
15;268;PLUS No. 2 COUNTRY;18/03/2015 18:59;53
15;268;PLUS No. 2 COUNTRY;18/03/2015 18:20;56
15;268;PLUS No. 2 COUNTRY;18/03/2015 18:12;37
15;268;PLUS No. 2 COUNTRY;18/03/2015 18:14;42
15;268;PLUS No. 2 COUNTRY;18/03/2015 17:56;18
15;268;PLUS No. 2 COUNTRY;18/03/2015 18:20;84
15;237;COUNTRY 2;18/03/2015 17:50;85
15;237;COUNTRY 2;18/03/2015 18:11;40
15;268;PLUS No. 2 COUNTRY;18/03/2015 17:36;39
15;268;PLUS No. 2 COUNTRY;18/03/2015 17:22;58
15;268;PLUS No. 2 COUNTRY;18/03/2015 17:32;9
15;237;COUNTRY 2;18/03/2015 17:20;69
15;268;PLUS No. 2 COUNTRY;18/03/2015 17:01;50
15;268;PLUS No. 2 COUNTRY;18/03/2015 16:52;46
15;268;PLUS No. 2 COUNTRY;18/03/2015 16:29;32
15;237;COUNTRY 2;18/03/2015 16:22;117
15;237;COUNTRY 2;18/03/2015 16:25;115
15;237;COUNTRY 2;18/03/2015 16:11;0
15;237;COUNTRY 2;18/03/2015 16:05;67
15;268;PLUS No. 2 COUNTRY;18/03/2015 15:43;95
15;268;PLUS No. 2 COUNTRY;18/03/2015 16:21;56
15;229;HEROES 1;18/03/2015 15:29;35
15;268;PLUS No. 2 COUNTRY;18/03/2015 15:22;55
15;268;PLUS No. 2 COUNTRY;18/03/2015 15:29;55
15;229;HEROES 1;18/03/2015 15:50;76
15;229;HEROES 1;18/03/2015 15:43;43
15;229;HEROES 1;18/03/2015 16:06;27
15;268;PLUS No. 2 COUNTRY;18/03/2015 14:50;57
15;268;PLUS No. 2 COUNTRY;18/03/2015 14:47;62
15;268;PLUS No. 2 COUNTRY;18/03/2015 17:20;187
15;229;HEROES 1;18/03/2015 14:35;69
15;229;HEROES 1;18/03/2015 15:23;8
15;237;COUNTRY 2;18/03/2015 14:26;88
15;268;PLUS No. 2 COUNTRY;18/03/2015 14:25;128
15;268;PLUS No. 2 COUNTRY;18/03/2015 14:28;73
15;268;PLUS No. 2 COUNTRY;18/03/2015 14:40;113
15;268;PLUS No. 2 COUNTRY;18/03/2015 14:41;60
15;268;PLUS No. 2 COUNTRY;18/03/2015 14:44;110
15;268;PLUS No. 2 COUNTRY;18/03/2015 14:20;57
15;268;PLUS No. 2 COUNTRY;18/03/2015 14:50;12
15;229;HEROES 1;18/03/2015 14:19;26
15;229;HEROES 1;18/03/2015 14:20;33
15;229;HEROES 1;18/03/2015 14:20;37
15;268;PLUS No. 2 COUNTRY;18/03/2015 14:05;41
15;268;PLUS No. 2 COUNTRY;18/03/2015 14:10;55
15;229;HEROES 1;18/03/2015 13:32;55
15;229;HEROES 1;18/03/2015 14:20;119
15;268;PLUS No. 2 COUNTRY;18/03/2015 13:20;59
15;268;PLUS No. 2 COUNTRY;18/03/2015 13:20;46
15;268;PLUS No. 2 COUNTRY;18/03/2015 13:20;50
15;237;COUNTRY 2;18/03/2015 12:54;21
15;268;PLUS No. 2 COUNTRY;18/03/2015 13:20;72
15;268;PLUS No. 2 COUNTRY;18/03/2015 12:36;30
15;268;PLUS No. 2 COUNTRY;18/03/2015 13:20;117
15;237;COUNTRY 2;18/03/2015 12:16;32
15;268;PLUS No. 2 COUNTRY;18/03/2015 11:57;32
15;268;PLUS No. 2 COUNTRY;18/03/2015 11:59;41
15;268;PLUS No. 2 COUNTRY;18/03/2015 12:20;47
15;268;PLUS No. 2 COUNTRY;18/03/2015 12:13;36
15;268;PLUS No. 2 COUNTRY;18/03/2015 11:33;42
15;268;PLUS No. 2 COUNTRY;18/03/2015 11:19;26
15;237;COUNTRY 2;18/03/2015 11:10;74
15;237;COUNTRY 2;18/03/2015 11:42;58
15;237;COUNTRY 2;18/03/2015 11:07;62
15;237;COUNTRY 2;18/03/2015 11:20;81
15;268;PLUS No. 2 COUNTRY;18/03/2015 11:20;54
15;229;HEROES 1;18/03/2015 10:50;52
15;268;PLUS No. 2 COUNTRY;18/03/2015 10:50;48
15;268;PLUS No. 2 COUNTRY;18/03/2015 10:50;65
15;229;HEROES 1;18/03/2015 10:20;55
15;229;HEROES 1;18/03/2015 10:13;62
15;229;HEROES 1;18/03/2015 10:22;53
15;229;HEROES 1;18/03/2015 10:23;53
15;268;PLUS No. 2 COUNTRY;18/03/2015 10:20;47
15;268;PLUS No. 2 COUNTRY;18/03/2015 10:20;87
15;268;PLUS No. 2 COUNTRY;18/03/2015 09:44;45
15;268;PLUS No. 2 COUNTRY;18/03/2015 09:54;26
15;268;PLUS No. 2 COUNTRY;18/03/2015 09:50;55
15;268;PLUS No. 2 COUNTRY;18/03/2015 09:30;46
15;268;PLUS No. 2 COUNTRY;18/03/2015 09:10;34
15;268;PLUS No. 2 COUNTRY;18/03/2015 08:35;43
15;268;PLUS No. 2 COUNTRY;18/03/2015 08:38;30
15;268;PLUS No. 2 COUNTRY;18/03/2015 08:41;49
15;237;COUNTRY 2;18/03/2015 08:29;52
15;268;PLUS No. 2 COUNTRY;18/03/2015 07:17;42
15;268;PLUS No. 2 COUNTRY;18/03/2015 06:37;80
15;268;PLUS No. 2 COUNTRY;18/03/2015 02:11;9
15;268;PLUS No. 2 COUNTRY;18/03/2015 00:39;24
15;268;PLUS No. 2 COUNTRY;18/03/2015 00:10;44
15;268;PLUS No. 2 COUNTRY;18/03/2015 00:18;36
15;268;PLUS No. 2 COUNTRY;17/03/2015 23:49;27
15;268;PLUS No. 2 COUNTRY;17/03/2015 22:50;71
15;268;PLUS No. 2 COUNTRY;18/03/2015 08:20;677
15;268;PLUS No. 2 COUNTRY;18/03/2015 08:23;105
15;268;PLUS No. 2 COUNTRY;17/03/2015 21:30;56
15;268;PLUS No. 2 COUNTRY;17/03/2015 21:47;34
15;268;PLUS No. 2 COUNTRY;17/03/2015 21:28;53
15;268;PLUS No. 2 COUNTRY;17/03/2015 21:38;34
15;268;PLUS No. 2 COUNTRY;17/03/2015 20:58;57
15;268;PLUS No. 2 COUNTRY;17/03/2015 20:58;56
15;268;PLUS No. 2 COUNTRY;17/03/2015 21:00;55
15;268;PLUS No. 2 COUNTRY;17/03/2015 21:01;55
15;268;PLUS No. 2 COUNTRY;17/03/2015 21:10;46
15;268;PLUS No. 2 COUNTRY;17/03/2015 20:46;44
15;268;PLUS No. 2 COUNTRY;17/03/2015 20:47;21
15;268;PLUS No. 2 COUNTRY;17/03/2015 20:48;57
15;268;PLUS No. 2 COUNTRY;17/03/2015 20:55;25
15;268;PLUS No. 2 COUNTRY;17/03/2015 20:57;44
15;268;PLUS No. 2 COUNTRY;17/03/2015 21:50;135
15;268;PLUS No. 2 COUNTRY;17/03/2015 22:11;37
15;229;HEROES 1;17/03/2015 20:50;95
15;237;COUNTRY 2;17/03/2015 20:16;40
15;268;PLUS No. 2 COUNTRY;17/03/2015 20:50;90
15;268;PLUS No. 2 COUNTRY;17/03/2015 20:49;70
15;268;PLUS No. 2 COUNTRY;17/03/2015 20:50;48
15;268;PLUS No. 2 COUNTRY;17/03/2015 20:52;46
15;268;PLUS No. 2 COUNTRY;17/03/2015 20:53;60
15;268;PLUS No. 2 COUNTRY;17/03/2015 20:20;59
15;268;PLUS No. 2 COUNTRY;17/03/2015 21:50;240
15;268;PLUS No. 2 COUNTRY;17/03/2015 22:00;62
15;268;PLUS No. 2 COUNTRY;17/03/2015 22:04;58
15;268;PLUS No. 2 COUNTRY;17/03/2015 22:07;29
15;268;PLUS No. 2 COUNTRY;17/03/2015 20:20;69
15;268;PLUS No. 2 COUNTRY;17/03/2015 20:28;36
15;268;PLUS No. 2 COUNTRY;17/03/2015 19:53;39
15;268;PLUS No. 2 COUNTRY;17/03/2015 19:55;37
15;268;PLUS No. 2 COUNTRY;17/03/2015 19:36;32
15;268;PLUS No. 2 COUNTRY;17/03/2015 19:24;36
15;268;PLUS No. 2 COUNTRY;17/03/2015 19:20;32
15;268;PLUS No. 2 COUNTRY;17/03/2015 19:26;39
15;268;PLUS No. 2 COUNTRY;17/03/2015 19:03;40
15;268;PLUS No. 2 COUNTRY;17/03/2015 18:42;28
15;268;PLUS No. 2 COUNTRY;17/03/2015 16:50;40
15;268;PLUS No. 2 COUNTRY;17/03/2015 18:31;48
15;268;PLUS No. 2 COUNTRY;17/03/2015 18:59;18
15;237;COUNTRY 2;17/03/2015 18:22;41
15;268;PLUS No. 2 COUNTRY;17/03/2015 18:20;53
15;268;PLUS No. 2 COUNTRY;17/03/2015 18:29;29
15;268;PLUS No. 2 COUNTRY;17/03/2015 18:15;43
15;268;PLUS No. 2 COUNTRY;17/03/2015 17:55;65
15;268;PLUS No. 2 COUNTRY;17/03/2015 18:02;34
15;268;PLUS No. 2 COUNTRY;17/03/2015 17:22;66
15;229;HEROES 1;17/03/2015 17:02;43
15;229;HEROES 1;17/03/2015 16:20;47
15;268;PLUS No. 2 COUNTRY;17/03/2015 16:29;43
15;268;PLUS No. 2 COUNTRY;17/03/2015 16:50;62
15;229;HEROES 1;17/03/2015 16:20;33
15;268;PLUS No. 2 COUNTRY;17/03/2015 16:50;96
15;268;PLUS No. 2 COUNTRY;17/03/2015 16:41;38
15;268;PLUS No. 2 COUNTRY;17/03/2015 16:45;69
15;268;PLUS No. 2 COUNTRY;17/03/2015 16:57;32
15;268;PLUS No. 2 COUNTRY;17/03/2015 15:38;37
15;237;COUNTRY 2;17/03/2015 15:29;90
15;237;COUNTRY 2;17/03/2015 15:27;68
15;237;COUNTRY 2;17/03/2015 15:31;43
15;237;COUNTRY 2;17/03/2015 14:50;30
15;268;PLUS No. 2 COUNTRY;17/03/2015 15:00;48
15;268;PLUS No. 2 COUNTRY;17/03/2015 12:20;6
15;268;PLUS No. 2 COUNTRY;17/03/2015 14:27;47
15;268;PLUS No. 2 COUNTRY;17/03/2015 14:33;52
15;237;COUNTRY 2;17/03/2015 14:25;32
15;237;COUNTRY 2;17/03/2015 14:17;26
15;268;PLUS No. 2 COUNTRY;17/03/2015 14:12;71
15;268;PLUS No. 2 COUNTRY;17/03/2015 14:18;65
15;268;PLUS No. 2 COUNTRY;17/03/2015 14:24;59
15;268;PLUS No. 2 COUNTRY;17/03/2015 14:06;37
15;268;PLUS No. 2 COUNTRY;17/03/2015 13:33;41
15;268;PLUS No. 2 COUNTRY;17/03/2015 13:24;40
15;268;PLUS No. 2 COUNTRY;17/03/2015 13:25;30
15;268;PLUS No. 2 COUNTRY;17/03/2015 13:14;49
15;268;PLUS No. 2 COUNTRY;17/03/2015 13:23;40
15;268;PLUS No. 2 COUNTRY;17/03/2015 12:46;45
15;268;PLUS No. 2 COUNTRY;17/03/2015 12:18;39
15;268;PLUS No. 2 COUNTRY;17/03/2015 12:15;49
15;237;COUNTRY 2;17/03/2015 12:06;0
15;237;COUNTRY 2;17/03/2015 12:03;26
15;268;PLUS No. 2 COUNTRY;17/03/2015 10:57;75
15;268;PLUS No. 2 COUNTRY;17/03/2015 10:59;61
15;268;PLUS No. 2 COUNTRY;17/03/2015 11:20;85
15;268;PLUS No. 2 COUNTRY;17/03/2015 11:47;51
15;268;PLUS No. 2 COUNTRY;17/03/2015 11:20;89
15;268;PLUS No. 2 COUNTRY;17/03/2015 11:21;30
15;268;PLUS No. 2 COUNTRY;17/03/2015 10:33;48
15;268;PLUS No. 2 COUNTRY;17/03/2015 10:29;40
15;268;PLUS No. 2 COUNTRY;17/03/2015 10:50;115
15;268;PLUS No. 2 COUNTRY;17/03/2015 10:45;49
15;268;PLUS No. 2 COUNTRY;17/03/2015 10:01;33
15;229;HEROES 1;17/03/2015 09:50;121
15;268;PLUS No. 2 COUNTRY;17/03/2015 09:37;22
15;268;PLUS No. 2 COUNTRY;17/03/2015 09:40;87
15;268;PLUS No. 2 COUNTRY;17/03/2015 09:52;88
15;268;PLUS No. 2 COUNTRY;17/03/2015 09:33;46
15;268;PLUS No. 2 COUNTRY;17/03/2015 09:35;24
15;229;HEROES 1;17/03/2015 08:59;125
15;229;HEROES 1;17/03/2015 09:14;75
15;237;COUNTRY 2;17/03/2015 08:54;0
15;268;PLUS No. 2 COUNTRY;17/03/2015 09:20;91
15;268;PLUS No. 2 COUNTRY;17/03/2015 09:30;0
15;268;PLUS No. 2 COUNTRY;17/03/2015 08:42;38
15;268;PLUS No. 2 COUNTRY;17/03/2015 08:30;45
15;268;PLUS No. 2 COUNTRY;17/03/2015 08:35;0
15;237;COUNTRY 2;17/03/2015 08:14;17
15;268;PLUS No. 2 COUNTRY;17/03/2015 07:30;12
15;268;PLUS No. 2 COUNTRY;17/03/2015 07:37;61
15;268;PLUS No. 2 COUNTRY;17/03/2015 07:05;24
15;268;PLUS No. 2 COUNTRY;17/03/2015 07:10;22
15;268;PLUS No. 2 COUNTRY;17/03/2015 06:16;41
15;268;PLUS No. 2 COUNTRY;17/03/2015 06:18;40
15;268;PLUS No. 2 COUNTRY;17/03/2015 02:11;245
15;268;PLUS No. 2 COUNTRY;16/03/2015 23:00;22
15;268;PLUS No. 2 COUNTRY;16/03/2015 22:16;17
15;268;PLUS No. 2 COUNTRY;16/03/2015 21:41;43
15;268;PLUS No. 2 COUNTRY;16/03/2015 21:50;45
15;268;PLUS No. 2 COUNTRY;16/03/2015 21:51;40
15;268;PLUS No. 2 COUNTRY;16/03/2015 22:06;25
15;268;PLUS No. 2 COUNTRY;16/03/2015 21:10;18
15;268;PLUS No. 2 COUNTRY;16/03/2015 20:38;54
15;268;PLUS No. 2 COUNTRY;16/03/2015 20:40;63
15;229;HEROES 1;16/03/2015 20:50;67
15;268;PLUS No. 2 COUNTRY;16/03/2015 20:07;45
15;268;PLUS No. 2 COUNTRY;16/03/2015 20:20;64
15;268;PLUS No. 2 COUNTRY;16/03/2015 20:16;53
15;268;PLUS No. 2 COUNTRY;16/03/2015 19:44;45
15;268;PLUS No. 2 COUNTRY;16/03/2015 19:39;22
15;268;PLUS No. 2 COUNTRY;16/03/2015 19:41;81
15;268;PLUS No. 2 COUNTRY;16/03/2015 19:42;53
15;268;PLUS No. 2 COUNTRY;16/03/2015 19:48;58
15;268;PLUS No. 2 COUNTRY;16/03/2015 19:20;97
15;268;PLUS No. 2 COUNTRY;16/03/2015 19:13;95
15;268;PLUS No. 2 COUNTRY;16/03/2015 19:26;82
15;268;PLUS No. 2 COUNTRY;16/03/2015 19:28;80
15;229;HEROES 1;16/03/2015 19:20;28
15;268;PLUS No. 2 COUNTRY;16/03/2015 18:56;42
15;268;PLUS No. 2 COUNTRY;16/03/2015 18:59;71
15;268;PLUS No. 2 COUNTRY;16/03/2015 18:49;38
15;229;HEROES 1;16/03/2015 18:50;45
15;268;PLUS No. 2 COUNTRY;16/03/2015 18:31;63
15;268;PLUS No. 2 COUNTRY;16/03/2015 18:17;21
15;229;HEROES 1;16/03/2015 18:10;47
15;229;HEROES 1;16/03/2015 18:10;86
15;229;HEROES 1;16/03/2015 17:57;46
15;268;PLUS No. 2 COUNTRY;16/03/2015 17:51;49
15;229;HEROES 1;16/03/2015 16:55;0
15;237;COUNTRY 2;16/03/2015 16:38;32
15;268;PLUS No. 2 COUNTRY;16/03/2015 15:49;0
15;229;HEROES 1;16/03/2015 15:25;77
15;268;PLUS No. 2 COUNTRY;16/03/2015 15:24;13
15;268;PLUS No. 2 COUNTRY;16/03/2015 15:33;29
15;268;PLUS No. 2 COUNTRY;16/03/2015 15:11;43
15;237;COUNTRY 2;16/03/2015 14:27;53
15;268;PLUS No. 2 COUNTRY;16/03/2015 13:56;53
15;268;PLUS No. 2 COUNTRY;16/03/2015 14:02;39
15;268;PLUS No. 2 COUNTRY;16/03/2015 13:51;38
15;268;PLUS No. 2 COUNTRY;16/03/2015 13:55;25
15;268;PLUS No. 2 COUNTRY;16/03/2015 14:03;17
15;268;PLUS No. 2 COUNTRY;16/03/2015 13:43;21
15;268;PLUS No. 2 COUNTRY;16/03/2015 14:20;143
15;268;PLUS No. 2 COUNTRY;16/03/2015 14:12;96
15;268;PLUS No. 2 COUNTRY;16/03/2015 14:18;116
15;268;PLUS No. 2 COUNTRY;16/03/2015 14:40;34
15;268;PLUS No. 2 COUNTRY;16/03/2015 13:23;45
15;268;PLUS No. 2 COUNTRY;16/03/2015 13:35;33
15;268;PLUS No. 2 COUNTRY;16/03/2015 13:16;45
15;268;PLUS No. 2 COUNTRY;16/03/2015 13:22;32
15;229;HEROES 1;16/03/2015 13:15;33
15;237;COUNTRY 2;16/03/2015 13:03;41
15;268;PLUS No. 2 COUNTRY;16/03/2015 12:55;41
15;268;PLUS No. 2 COUNTRY;16/03/2015 12:37;32
15;268;PLUS No. 2 COUNTRY;16/03/2015 12:24;35
15;268;PLUS No. 2 COUNTRY;16/03/2015 14:20;148
15;268;PLUS No. 2 COUNTRY;16/03/2015 12:00;30
15;268;PLUS No. 2 COUNTRY;16/03/2015 11:43;16
15;268;PLUS No. 2 COUNTRY;16/03/2015 11:44;52
15;237;COUNTRY 2;16/03/2015 11:25;18
15;268;PLUS No. 2 COUNTRY;16/03/2015 11:19;50
15;237;COUNTRY 2;16/03/2015 11:00;0
15;268;PLUS No. 2 COUNTRY;16/03/2015 10:25;80
15;268;PLUS No. 2 COUNTRY;16/03/2015 10:35;32
15;268;PLUS No. 2 COUNTRY;16/03/2015 10:12;49
15;268;PLUS No. 2 COUNTRY;16/03/2015 10:28;22
15;268;PLUS No. 2 COUNTRY;16/03/2015 10:07;35
15;237;COUNTRY 2;16/03/2015 10:02;59
15;229;HEROES 1;16/03/2015 10:20;58
15;268;PLUS No. 2 COUNTRY;16/03/2015 09:12;26
15;268;PLUS No. 2 COUNTRY;16/03/2015 09:21;40
15;268;PLUS No. 2 COUNTRY;16/03/2015 09:26;56
15;268;PLUS No. 2 COUNTRY;16/03/2015 09:34;56
15;268;PLUS No. 2 COUNTRY;16/03/2015 08:49;31
15;268;PLUS No. 2 COUNTRY;16/03/2015 08:58;24
15;268;PLUS No. 2 COUNTRY;16/03/2015 08:45;30
15;237;COUNTRY 2;16/03/2015 08:35;77
15;237;COUNTRY 2;16/03/2015 08:41;91
15;237;COUNTRY 2;16/03/2015 08:45;60
15;237;COUNTRY 2;16/03/2015 08:30;66
15;229;HEROES 1;16/03/2015 07:52;67
15;268;PLUS No. 2 COUNTRY;16/03/2015 07:44;82
15;268;PLUS No. 2 COUNTRY;16/03/2015 08:05;62
15;268;PLUS No. 2 COUNTRY;16/03/2015 07:20;26
15;268;PLUS No. 2 COUNTRY;16/03/2015 06:17;45
15;268;PLUS No. 2 COUNTRY;16/03/2015 06:19;15
15;268;PLUS No. 2 COUNTRY;16/03/2015 00:56;26
15;268;PLUS No. 2 COUNTRY;15/03/2015 22:35;31
15;268;PLUS No. 2 COUNTRY;15/03/2015 22:39;97
15;268;PLUS No. 2 COUNTRY;15/03/2015 22:42;18
15;268;PLUS No. 2 COUNTRY;15/03/2015 21:44;43
15;268;PLUS No. 2 COUNTRY;15/03/2015 21:25;14
15;268;PLUS No. 2 COUNTRY;15/03/2015 21:10;46
15;268;PLUS No. 2 COUNTRY;15/03/2015 21:12;24
15;268;PLUS No. 2 COUNTRY;15/03/2015 21:06;27
15;268;PLUS No. 2 COUNTRY;15/03/2015 20:51;19
15;268;PLUS No. 2 COUNTRY;15/03/2015 20:57;23
15;268;PLUS No. 2 COUNTRY;15/03/2015 20:27;26
15;268;PLUS No. 2 COUNTRY;15/03/2015 20:30;30
15;268;PLUS No. 2 COUNTRY;15/03/2015 20:33;44
15;268;PLUS No. 2 COUNTRY;15/03/2015 20:37;16
15;268;PLUS No. 2 COUNTRY;15/03/2015 20:39;39
15;268;PLUS No. 2 COUNTRY;15/03/2015 19:49;49
15;268;PLUS No. 2 COUNTRY;15/03/2015 19:38;36
15;268;PLUS No. 2 COUNTRY;15/03/2015 19:25;20
15;268;PLUS No. 2 COUNTRY;15/03/2015 19:35;24
15;268;PLUS No. 2 COUNTRY;15/03/2015 19:17;45
15;268;PLUS No. 2 COUNTRY;15/03/2015 19:18;30
15;268;PLUS No. 2 COUNTRY;15/03/2015 19:20;33
15;268;PLUS No. 2 COUNTRY;15/03/2015 19:21;52
15;268;PLUS No. 2 COUNTRY;15/03/2015 19:11;57
15;268;PLUS No. 2 COUNTRY;15/03/2015 19:23;32
15;268;PLUS No. 2 COUNTRY;15/03/2015 18:52;38
15;268;PLUS No. 2 COUNTRY;15/03/2015 19:02;26
15;268;PLUS No. 2 COUNTRY;15/03/2015 18:33;27
15;268;PLUS No. 2 COUNTRY;15/03/2015 18:44;44
15;268;PLUS No. 2 COUNTRY;15/03/2015 18:05;42
15;268;PLUS No. 2 COUNTRY;15/03/2015 18:02;32
15;268;PLUS No. 2 COUNTRY;15/03/2015 18:10;41
15;268;PLUS No. 2 COUNTRY;15/03/2015 17:46;22
15;229;HEROES 1;15/03/2015 17:32;42
15;268;PLUS No. 2 COUNTRY;15/03/2015 17:31;47
15;268;PLUS No. 2 COUNTRY;15/03/2015 17:34;34
15;268;PLUS No. 2 COUNTRY;15/03/2015 17:16;24
15;268;PLUS No. 2 COUNTRY;15/03/2015 17:02;33
15;268;PLUS No. 2 COUNTRY;15/03/2015 16:56;33
15;268;PLUS No. 2 COUNTRY;15/03/2015 16:50;0
15;268;PLUS No. 2 COUNTRY;15/03/2015 17:01;18
15;268;PLUS No. 2 COUNTRY;15/03/2015 16:24;23
15;268;PLUS No. 2 COUNTRY;15/03/2015 16:11;27
15;268;PLUS No. 2 COUNTRY;15/03/2015 15:57;34
15;268;PLUS No. 2 COUNTRY;15/03/2015 16:08;39
15;237;COUNTRY 2;15/03/2015 15:53;37
15;268;PLUS No. 2 COUNTRY;15/03/2015 15:18;22
15;268;PLUS No. 2 COUNTRY;15/03/2015 15:01;28
15;268;PLUS No. 2 COUNTRY;15/03/2015 15:10;59
15;229;HEROES 1;15/03/2015 14:54;38
15;268;PLUS No. 2 COUNTRY;15/03/2015 14:21;31
15;268;PLUS No. 2 COUNTRY;15/03/2015 14:29;12
15;268;PLUS No. 2 COUNTRY;15/03/2015 13:53;34
15;268;PLUS No. 2 COUNTRY;15/03/2015 13:33;29
15;229;HEROES 1;15/03/2015 13:32;26
15;268;PLUS No. 2 COUNTRY;15/03/2015 13:21;44
15;268;PLUS No. 2 COUNTRY;15/03/2015 13:18;0
15;237;COUNTRY 2;15/03/2015 12:49;41
15;268;PLUS No. 2 COUNTRY;15/03/2015 12:24;25
15;268;PLUS No. 2 COUNTRY;15/03/2015 11:56;31
15;268;PLUS No. 2 COUNTRY;15/03/2015 11:53;34
15;268;PLUS No. 2 COUNTRY;15/03/2015 11:55;43
15;237;COUNTRY 2;15/03/2015 11:28;25
15;268;PLUS No. 2 COUNTRY;15/03/2015 11:09;31
15;237;COUNTRY 2;15/03/2015 10:37;42
15;268;PLUS No. 2 COUNTRY;15/03/2015 10:32;105
15;237;COUNTRY 2;15/03/2015 10:09;74
15;237;COUNTRY 2;15/03/2015 10:10;38
15;237;COUNTRY 2;15/03/2015 10:23;34
15;268;PLUS No. 2 COUNTRY;15/03/2015 10:08;30
15;268;PLUS No. 2 COUNTRY;15/03/2015 10:16;38
15;268;PLUS No. 2 COUNTRY;15/03/2015 10:20;45
15;268;PLUS No. 2 COUNTRY;15/03/2015 09:23;52
15;268;PLUS No. 2 COUNTRY;15/03/2015 09:31;33
15;268;PLUS No. 2 COUNTRY;15/03/2015 08:56;62
15;268;PLUS No. 2 COUNTRY;15/03/2015 08:21;70
15;268;PLUS No. 2 COUNTRY;15/03/2015 08:56;50
15;268;PLUS No. 2 COUNTRY;15/03/2015 08:57;26
15;268;PLUS No. 2 COUNTRY;15/03/2015 08:07;91
15;268;PLUS No. 2 COUNTRY;15/03/2015 08:11;70
15;268;PLUS No. 2 COUNTRY;15/03/2015 07:39;67
15;268;PLUS No. 2 COUNTRY;15/03/2015 08:08;38
15;268;PLUS No. 2 COUNTRY;15/03/2015 06:46;79
15;268;PLUS No. 2 COUNTRY;15/03/2015 07:36;39
15;268;PLUS No. 2 COUNTRY;15/03/2015 07:37;16
15;268;PLUS No. 2 COUNTRY;15/03/2015 01:12;15
15;268;PLUS No. 2 COUNTRY;15/03/2015 00:45;22
15;268;PLUS No. 2 COUNTRY;14/03/2015 22:31;122
15;268;PLUS No. 2 COUNTRY;14/03/2015 22:38;115
15;268;PLUS No. 2 COUNTRY;15/03/2015 00:17;17
15;268;PLUS No. 2 COUNTRY;14/03/2015 22:29;115
15;268;PLUS No. 2 COUNTRY;14/03/2015 21:41;96
15;268;PLUS No. 2 COUNTRY;14/03/2015 22:04;88
15;268;PLUS No. 2 COUNTRY;14/03/2015 22:09;101
15;268;PLUS No. 2 COUNTRY;14/03/2015 22:11;69
15;268;PLUS No. 2 COUNTRY;14/03/2015 22:28;75
15;268;PLUS No. 2 COUNTRY;14/03/2015 21:38;75
15;268;PLUS No. 2 COUNTRY;14/03/2015 22:17;36
15;268;PLUS No. 2 COUNTRY;14/03/2015 21:08;56
15;268;PLUS No. 2 COUNTRY;14/03/2015 21:10;25
15;268;PLUS No. 2 COUNTRY;14/03/2015 21:14;27
15;268;PLUS No. 2 COUNTRY;14/03/2015 20:15;33
15;268;PLUS No. 2 COUNTRY;14/03/2015 20:19;41
15;268;PLUS No. 2 COUNTRY;14/03/2015 20:04;41
15;268;PLUS No. 2 COUNTRY;14/03/2015 19:39;29
15;229;HEROES 1;14/03/2015 19:37;64
15;229;HEROES 1;14/03/2015 19:18;55
15;268;PLUS No. 2 COUNTRY;14/03/2015 19:01;43
15;268;PLUS No. 2 COUNTRY;14/03/2015 19:09;20
15;268;PLUS No. 2 COUNTRY;14/03/2015 18:39;37
15;268;PLUS No. 2 COUNTRY;14/03/2015 18:43;39
15;268;PLUS No. 2 COUNTRY;14/03/2015 18:44;24
15;268;PLUS No. 2 COUNTRY;14/03/2015 18:25;35
15;268;PLUS No. 2 COUNTRY;14/03/2015 18:18;21
15;268;PLUS No. 2 COUNTRY;14/03/2015 18:06;26
15;229;HEROES 1;14/03/2015 17:17;46
15;237;COUNTRY 2;14/03/2015 17:16;34
15;268;PLUS No. 2 COUNTRY;14/03/2015 17:16;33
15;229;HEROES 1;14/03/2015 16:57;57
15;268;PLUS No. 2 COUNTRY;14/03/2015 16:47;25
15;229;HEROES 1;14/03/2015 16:30;40
15;268;PLUS No. 2 COUNTRY;14/03/2015 16:14;31
15;268;PLUS No. 2 COUNTRY;14/03/2015 15:54;32
15;268;PLUS No. 2 COUNTRY;14/03/2015 15:37;28
15;237;COUNTRY 2;14/03/2015 15:29;52
15;229;HEROES 1;14/03/2015 15:11;48
15;268;PLUS No. 2 COUNTRY;14/03/2015 15:06;30
15;268;PLUS No. 2 COUNTRY;14/03/2015 15:03;35
15;268;PLUS No. 2 COUNTRY;14/03/2015 15:09;25
15;237;COUNTRY 2;14/03/2015 14:32;48
15;237;COUNTRY 2;14/03/2015 14:18;0
15;268;PLUS No. 2 COUNTRY;14/03/2015 13:52;58
15;268;PLUS No. 2 COUNTRY;14/03/2015 13:57;77
15;229;HEROES 1;14/03/2015 13:52;28
15;237;COUNTRY 2;14/03/2015 13:32;35
15;229;HEROES 1;14/03/2015 13:32;72
15;229;HEROES 1;14/03/2015 13:05;34
15;268;PLUS No. 2 COUNTRY;14/03/2015 12:32;53
15;268;PLUS No. 2 COUNTRY;14/03/2015 12:27;57
15;268;PLUS No. 2 COUNTRY;14/03/2015 12:13;32
15;268;PLUS No. 2 COUNTRY;14/03/2015 12:22;28
15;268;PLUS No. 2 COUNTRY;14/03/2015 12:24;35
15;268;PLUS No. 2 COUNTRY;14/03/2015 12:00;32
15;268;PLUS No. 2 COUNTRY;14/03/2015 11:47;13
15;229;HEROES 1;14/03/2015 11:26;30
15;268;PLUS No. 2 COUNTRY;14/03/2015 11:15;45
15;237;COUNTRY 2;14/03/2015 11:14;47
15;268;PLUS No. 2 COUNTRY;14/03/2015 10:56;27
15;268;PLUS No. 2 COUNTRY;14/03/2015 11:00;18
15;268;PLUS No. 2 COUNTRY;14/03/2015 10:35;40
15;268;PLUS No. 2 COUNTRY;14/03/2015 10:26;26
15;237;COUNTRY 2;14/03/2015 10:21;31
15;229;HEROES 1;14/03/2015 10:17;58
15;229;HEROES 1;14/03/2015 10:22;74
15;237;COUNTRY 2;14/03/2015 09:59;27
15;237;COUNTRY 2;14/03/2015 10:06;15
15;268;PLUS No. 2 COUNTRY;14/03/2015 09:55;79
15;268;PLUS No. 2 COUNTRY;14/03/2015 09:57;51
15;268;PLUS No. 2 COUNTRY;14/03/2015 09:40;49
15;268;PLUS No. 2 COUNTRY;14/03/2015 09:16;42
15;268;PLUS No. 2 COUNTRY;14/03/2015 09:20;36
15;268;PLUS No. 2 COUNTRY;14/03/2015 09:23;26
15;268;PLUS No. 2 COUNTRY;14/03/2015 08:58;25
15;268;PLUS No. 2 COUNTRY;14/03/2015 08:55;55
15;268;PLUS No. 2 COUNTRY;14/03/2015 08:57;53
15;268;PLUS No. 2 COUNTRY;14/03/2015 08:32;50
15;268;PLUS No. 2 COUNTRY;14/03/2015 08:45;37
15;268;PLUS No. 2 COUNTRY;14/03/2015 07:35;12
15;268;PLUS No. 2 COUNTRY;14/03/2015 07:46;25
15;268;PLUS No. 2 COUNTRY;14/03/2015 07:20;38
15;268;PLUS No. 2 COUNTRY;14/03/2015 07:12;48
15;268;PLUS No. 2 COUNTRY;14/03/2015 06:15;15
15;268;PLUS No. 2 COUNTRY;14/03/2015 06:15;14
15;268;PLUS No. 2 COUNTRY;14/03/2015 06:17;13
15;268;PLUS No. 2 COUNTRY;14/03/2015 06:18;12
15;268;PLUS No. 2 COUNTRY;14/03/2015 00:39;339
15;268;PLUS No. 2 COUNTRY;14/03/2015 01:38;280
15;268;PLUS No. 2 COUNTRY;14/03/2015 01:41;277
15;268;PLUS No. 2 COUNTRY;14/03/2015 01:53;265
15;268;PLUS No. 2 COUNTRY;14/03/2015 06:14;5
15;268;PLUS No. 2 COUNTRY;13/03/2015 23:59;0
15;268;PLUS No. 2 COUNTRY;14/03/2015 00:00;0
15;268;PLUS No. 2 COUNTRY;14/03/2015 00:01;0
15;268;PLUS No. 2 COUNTRY;14/03/2015 00:17;0
15;268;PLUS No. 2 COUNTRY;13/03/2015 22:42;49
15;268;PLUS No. 2 COUNTRY;13/03/2015 22:48;15
15;268;PLUS No. 2 COUNTRY;13/03/2015 21:40;55
15;268;PLUS No. 2 COUNTRY;13/03/2015 21:36;102
15;268;PLUS No. 2 COUNTRY;13/03/2015 21:46;93
15;268;PLUS No. 2 COUNTRY;13/03/2015 21:49;89
15;268;PLUS No. 2 COUNTRY;13/03/2015 21:51;88
15;268;PLUS No. 2 COUNTRY;13/03/2015 21:10;32
15;268;PLUS No. 2 COUNTRY;13/03/2015 21:13;46
15;268;PLUS No. 2 COUNTRY;13/03/2015 21:20;43
15;268;PLUS No. 2 COUNTRY;13/03/2015 20:34;81
15;268;PLUS No. 2 COUNTRY;13/03/2015 20:42;73
15;268;PLUS No. 2 COUNTRY;13/03/2015 20:44;71
15;268;PLUS No. 2 COUNTRY;13/03/2015 20:56;59
15;268;PLUS No. 2 COUNTRY;13/03/2015 21:01;54
15;268;PLUS No. 2 COUNTRY;13/03/2015 20:08;55
15;268;PLUS No. 2 COUNTRY;13/03/2015 20:14;49
15;229;HEROES 1;13/03/2015 20:08;70
15;268;PLUS No. 2 COUNTRY;13/03/2015 20:07;41
15;268;PLUS No. 2 COUNTRY;13/03/2015 19:54;35
15;268;PLUS No. 2 COUNTRY;13/03/2015 19:58;53
15;268;PLUS No. 2 COUNTRY;13/03/2015 20:01;35
15;268;PLUS No. 2 COUNTRY;13/03/2015 20:05;60
15;268;PLUS No. 2 COUNTRY;13/03/2015 20:06;0
15;229;HEROES 1;13/03/2015 19:54;66
15;229;HEROES 1;13/03/2015 20:05;2
15;268;PLUS No. 2 COUNTRY;13/03/2015 19:50;109
15;268;PLUS No. 2 COUNTRY;13/03/2015 19:53;45
15;268;PLUS No. 2 COUNTRY;13/03/2015 20:02;28
15;268;PLUS No. 2 COUNTRY;13/03/2015 19:26;62
15;268;PLUS No. 2 COUNTRY;13/03/2015 19:32;55
15;268;PLUS No. 2 COUNTRY;13/03/2015 19:37;50
15;268;PLUS No. 2 COUNTRY;13/03/2015 19:38;49
15;268;PLUS No. 2 COUNTRY;13/03/2015 18:49;62
15;268;PLUS No. 2 COUNTRY;13/03/2015 19:16;62
15;268;PLUS No. 2 COUNTRY;13/03/2015 18:47;59
15;268;PLUS No. 2 COUNTRY;13/03/2015 18:52;58
15;268;PLUS No. 2 COUNTRY;13/03/2015 18:35;49
15;268;PLUS No. 2 COUNTRY;13/03/2015 18:42;24
15;268;PLUS No. 2 COUNTRY;13/03/2015 18:18;63
15;268;PLUS No. 2 COUNTRY;13/03/2015 17:41;82
15;237;COUNTRY 2;13/03/2015 17:35;145
15;237;COUNTRY 2;13/03/2015 17:48;97
15;237;COUNTRY 2;13/03/2015 18:07;82
15;268;PLUS No. 2 COUNTRY;13/03/2015 17:30;43
15;268;PLUS No. 2 COUNTRY;13/03/2015 17:12;51
15;268;PLUS No. 2 COUNTRY;13/03/2015 17:07;40
15;268;PLUS No. 2 COUNTRY;13/03/2015 16:57;74
15;268;PLUS No. 2 COUNTRY;13/03/2015 16:50;41
15;229;HEROES 1;13/03/2015 17:50;148
15;229;HEROES 1;13/03/2015 16:22;81
15;268;PLUS No. 2 COUNTRY;13/03/2015 15:59;51
15;268;PLUS No. 2 COUNTRY;13/03/2015 14:54;65
15;268;PLUS No. 2 COUNTRY;13/03/2015 15:22;44
15;268;PLUS No. 2 COUNTRY;13/03/2015 14:52;71
15;268;PLUS No. 2 COUNTRY;13/03/2015 14:57;67
15;268;PLUS No. 2 COUNTRY;13/03/2015 15:06;58
15;268;PLUS No. 2 COUNTRY;13/03/2015 14:39;38
15;268;PLUS No. 2 COUNTRY;13/03/2015 14:43;12
15;229;HEROES 1;13/03/2015 14:31;46
15;229;HEROES 1;13/03/2015 17:20;226
15;268;PLUS No. 2 COUNTRY;13/03/2015 14:24;75
15;268;PLUS No. 2 COUNTRY;13/03/2015 14:34;48
15;268;PLUS No. 2 COUNTRY;13/03/2015 15:20;123
15;268;PLUS No. 2 COUNTRY;13/03/2015 15:46;30
15;229;HEROES 1;13/03/2015 13:52;18
15;268;PLUS No. 2 COUNTRY;13/03/2015 13:49;45
15;268;PLUS No. 2 COUNTRY;13/03/2015 13:33;30
15;268;PLUS No. 2 COUNTRY;13/03/2015 13:39;44
15;237;COUNTRY 2;13/03/2015 13:29;34
15;268;PLUS No. 2 COUNTRY;13/03/2015 13:25;33
15;268;PLUS No. 2 COUNTRY;13/03/2015 13:28;39
15;268;PLUS No. 2 COUNTRY;13/03/2015 13:09;41
15;268;PLUS No. 2 COUNTRY;13/03/2015 13:15;34
15;268;PLUS No. 2 COUNTRY;13/03/2015 12:47;30
15;268;PLUS No. 2 COUNTRY;13/03/2015 12:56;31
15;268;PLUS No. 2 COUNTRY;13/03/2015 12:35;51
15;268;PLUS No. 2 COUNTRY;13/03/2015 12:04;67
15;268;PLUS No. 2 COUNTRY;13/03/2015 11:30;25
15;268;PLUS No. 2 COUNTRY;13/03/2015 11:31;48
15;268;PLUS No. 2 COUNTRY;13/03/2015 11:35;56
15;268;PLUS No. 2 COUNTRY;13/03/2015 11:01;53
15;268;PLUS No. 2 COUNTRY;13/03/2015 10:26;30
15;237;COUNTRY 2;13/03/2015 10:16;35
15;237;COUNTRY 2;13/03/2015 10:17;34
15;268;PLUS No. 2 COUNTRY;13/03/2015 09:48;87
15;268;PLUS No. 2 COUNTRY;13/03/2015 09:35;13
15;237;COUNTRY 2;13/03/2015 09:17;39
15;268;PLUS No. 2 COUNTRY;13/03/2015 09:13;18
15;268;PLUS No. 2 COUNTRY;13/03/2015 08:59;51
15;268;PLUS No. 2 COUNTRY;13/03/2015 08:34;36
15;268;PLUS No. 2 COUNTRY;13/03/2015 08:43;22
15;268;PLUS No. 2 COUNTRY;13/03/2015 08:13;63
15;268;PLUS No. 2 COUNTRY;13/03/2015 08:15;58
15;268;PLUS No. 2 COUNTRY;13/03/2015 07:52;24
15;268;PLUS No. 2 COUNTRY;13/03/2015 07:41;33
15;268;PLUS No. 2 COUNTRY;13/03/2015 06:42;51
15;268;PLUS No. 2 COUNTRY;13/03/2015 06:13;24
15;268;PLUS No. 2 COUNTRY;13/03/2015 06:14;21
15;268;PLUS No. 2 COUNTRY;13/03/2015 06:15;18
15;268;PLUS No. 2 COUNTRY;13/03/2015 06:16;15
15;268;PLUS No. 2 COUNTRY;13/03/2015 01:33;248
15;268;PLUS No. 2 COUNTRY;13/03/2015 01:35;257
15;268;PLUS No. 2 COUNTRY;12/03/2015 22:51;44
15;268;PLUS No. 2 COUNTRY;12/03/2015 23:11;50
15;268;PLUS No. 2 COUNTRY;12/03/2015 22:09;61
15;268;PLUS No. 2 COUNTRY;12/03/2015 22:13;58
15;268;PLUS No. 2 COUNTRY;12/03/2015 21:33;82
15;268;PLUS No. 2 COUNTRY;12/03/2015 22:12;58
15;268;PLUS No. 2 COUNTRY;12/03/2015 21:19;57
15;268;PLUS No. 2 COUNTRY;12/03/2015 20:50;95
15;268;PLUS No. 2 COUNTRY;12/03/2015 21:01;84
15;268;PLUS No. 2 COUNTRY;12/03/2015 21:15;70
15;237;COUNTRY 2;12/03/2015 20:47;195
15;237;COUNTRY 2;12/03/2015 20:48;194
15;268;PLUS No. 2 COUNTRY;12/03/2015 20:45;44
15;268;PLUS No. 2 COUNTRY;12/03/2015 20:26;40
15;268;PLUS No. 2 COUNTRY;12/03/2015 20:33;22
15;268;PLUS No. 2 COUNTRY;12/03/2015 20:21;42
15;229;HEROES 1;12/03/2015 20:04;39
15;268;PLUS No. 2 COUNTRY;12/03/2015 19:47;54
15;268;PLUS No. 2 COUNTRY;12/03/2015 19:53;48
15;229;HEROES 1;12/03/2015 19:04;48
15;268;PLUS No. 2 COUNTRY;12/03/2015 18:54;59
15;268;PLUS No. 2 COUNTRY;12/03/2015 18:52;45
15;268;PLUS No. 2 COUNTRY;12/03/2015 18:53;58
15;268;PLUS No. 2 COUNTRY;12/03/2015 18:56;22
15;268;PLUS No. 2 COUNTRY;12/03/2015 18:03;30
15;268;PLUS No. 2 COUNTRY;12/03/2015 17:48;85
15;268;PLUS No. 2 COUNTRY;12/03/2015 17:56;62
15;268;PLUS No. 2 COUNTRY;12/03/2015 17:33;99
15;229;HEROES 1;12/03/2015 17:23;76
15;237;COUNTRY 2;12/03/2015 16:57;68
15;268;PLUS No. 2 COUNTRY;12/03/2015 16:45;49
15;268;PLUS No. 2 COUNTRY;12/03/2015 16:48;61
15;268;PLUS No. 2 COUNTRY;12/03/2015 16:33;56
15;268;PLUS No. 2 COUNTRY;12/03/2015 16:36;37
15;268;PLUS No. 2 COUNTRY;12/03/2015 16:43;18
15;237;COUNTRY 2;12/03/2015 16:03;47
15;268;PLUS No. 2 COUNTRY;12/03/2015 15:51;28
15;268;PLUS No. 2 COUNTRY;12/03/2015 15:54;50
15;229;HEROES 1;12/03/2015 15:33;23
15;229;HEROES 1;12/03/2015 15:35;31
15;268;PLUS No. 2 COUNTRY;12/03/2015 15:33;68
15;268;PLUS No. 2 COUNTRY;12/03/2015 15:44;57
15;268;PLUS No. 2 COUNTRY;12/03/2015 14:52;47
15;268;PLUS No. 2 COUNTRY;12/03/2015 14:55;45
15;268;PLUS No. 2 COUNTRY;12/03/2015 14:40;32
15;268;PLUS No. 2 COUNTRY;12/03/2015 14:48;39
15;229;HEROES 1;12/03/2015 14:37;52
15;268;PLUS No. 2 COUNTRY;12/03/2015 14:28;46
15;268;PLUS No. 2 COUNTRY;12/03/2015 14:35;31
15;229;HEROES 1;12/03/2015 14:11;24
15;237;COUNTRY 2;12/03/2015 13:46;34
15;229;HEROES 1;12/03/2015 13:07;69
15;268;PLUS No. 2 COUNTRY;12/03/2015 12:26;35
15;268;PLUS No. 2 COUNTRY;12/03/2015 13:50;122
15;268;PLUS No. 2 COUNTRY;12/03/2015 12:14;51
15;268;PLUS No. 2 COUNTRY;12/03/2015 12:22;22
15;237;COUNTRY 2;12/03/2015 12:00;46
15;268;PLUS No. 2 COUNTRY;12/03/2015 11:50;37
15;229;HEROES 1;12/03/2015 13:20;135
15;268;PLUS No. 2 COUNTRY;12/03/2015 11:36;32
15;229;HEROES 1;12/03/2015 11:21;21
15;268;PLUS No. 2 COUNTRY;12/03/2015 18:20;492
15;268;PLUS No. 2 COUNTRY;12/03/2015 18:17;71
15;237;COUNTRY 2;12/03/2015 10:59;19
15;229;HEROES 1;12/03/2015 10:50;33
15;268;PLUS No. 2 COUNTRY;12/03/2015 10:20;54
15;268;PLUS No. 2 COUNTRY;12/03/2015 10:23;42
15;268;PLUS No. 2 COUNTRY;12/03/2015 10:15;24
15;268;PLUS No. 2 COUNTRY;12/03/2015 10:17;99
15;268;PLUS No. 2 COUNTRY;12/03/2015 09:58;44
15;268;PLUS No. 2 COUNTRY;12/03/2015 09:57;27
15;268;PLUS No. 2 COUNTRY;12/03/2015 09:37;34
15;268;PLUS No. 2 COUNTRY;12/03/2015 09:31;41
15;268;PLUS No. 2 COUNTRY;12/03/2015 09:42;41
15;268;PLUS No. 2 COUNTRY;12/03/2015 09:20;28
15;268;PLUS No. 2 COUNTRY;12/03/2015 11:20;206
15;268;PLUS No. 2 COUNTRY;12/03/2015 11:14;57
15;268;PLUS No. 2 COUNTRY;12/03/2015 11:17;52
15;268;PLUS No. 2 COUNTRY;12/03/2015 08:24;22
15;237;COUNTRY 2;12/03/2015 07:50;79
15;237;COUNTRY 2;12/03/2015 08:15;50
15;268;PLUS No. 2 COUNTRY;12/03/2015 07:43;35
15;268;PLUS No. 2 COUNTRY;12/03/2015 07:11;50
15;268;PLUS No. 2 COUNTRY;12/03/2015 07:33;37
15;268;PLUS No. 2 COUNTRY;12/03/2015 07:36;30
15;268;PLUS No. 2 COUNTRY;12/03/2015 08:20;140
15;268;PLUS No. 2 COUNTRY;12/03/2015 06:57;31
15;268;PLUS No. 2 COUNTRY;12/03/2015 02:10;9
15;268;PLUS No. 2 COUNTRY;12/03/2015 01:17;12
15;268;PLUS No. 2 COUNTRY;12/03/2015 00:38;24
15;268;PLUS No. 2 COUNTRY;11/03/2015 23:08;113
15;268;PLUS No. 2 COUNTRY;11/03/2015 23:58;62
15;268;PLUS No. 2 COUNTRY;11/03/2015 23:02;51
15;268;PLUS No. 2 COUNTRY;11/03/2015 22:31;56
15;268;PLUS No. 2 COUNTRY;11/03/2015 21:43;45
15;268;PLUS No. 2 COUNTRY;11/03/2015 21:45;44
15;268;PLUS No. 2 COUNTRY;11/03/2015 21:55;34
15;268;PLUS No. 2 COUNTRY;11/03/2015 21:07;60
15;268;PLUS No. 2 COUNTRY;11/03/2015 21:22;45
15;268;PLUS No. 2 COUNTRY;11/03/2015 20:53;61
15;268;PLUS No. 2 COUNTRY;11/03/2015 21:17;50
15;268;PLUS No. 2 COUNTRY;11/03/2015 21:28;91
15;229;HEROES 1;11/03/2015 20:42;225
15;268;PLUS No. 2 COUNTRY;11/03/2015 20:29;62
15;268;PLUS No. 2 COUNTRY;11/03/2015 20:41;50
15;268;PLUS No. 2 COUNTRY;11/03/2015 20:22;43
15;268;PLUS No. 2 COUNTRY;11/03/2015 20:30;53
15;268;PLUS No. 2 COUNTRY;11/03/2015 20:05;54
15;229;HEROES 1;11/03/2015 19:56;22
15;229;HEROES 1;11/03/2015 19:59;20
15;268;PLUS No. 2 COUNTRY;11/03/2015 19:46;66
15;268;PLUS No. 2 COUNTRY;11/03/2015 19:51;49
15;268;PLUS No. 2 COUNTRY;11/03/2015 20:19;13
15;268;PLUS No. 2 COUNTRY;11/03/2015 19:44;46
15;268;PLUS No. 2 COUNTRY;11/03/2015 19:47;43
15;268;PLUS No. 2 COUNTRY;11/03/2015 19:54;36
15;268;PLUS No. 2 COUNTRY;11/03/2015 19:27;53
15;268;PLUS No. 2 COUNTRY;11/03/2015 19:36;49
15;268;PLUS No. 2 COUNTRY;11/03/2015 19:39;88
15;268;PLUS No. 2 COUNTRY;11/03/2015 19:25;62
15;268;PLUS No. 2 COUNTRY;11/03/2015 19:11;28
15;237;COUNTRY 2;11/03/2015 18:59;69
15;229;HEROES 1;11/03/2015 18:59;60
15;268;PLUS No. 2 COUNTRY;12/03/2015 06:20;719
15;268;PLUS No. 2 COUNTRY;12/03/2015 06:11;42
15;268;PLUS No. 2 COUNTRY;12/03/2015 06:12;43
15;268;PLUS No. 2 COUNTRY;12/03/2015 06:13;34
15;268;PLUS No. 2 COUNTRY;11/03/2015 18:50;54
15;268;PLUS No. 2 COUNTRY;11/03/2015 18:58;46
15;268;PLUS No. 2 COUNTRY;11/03/2015 18:45;30
15;268;PLUS No. 2 COUNTRY;11/03/2015 18:36;53
15;268;PLUS No. 2 COUNTRY;11/03/2015 18:44;33
15;268;PLUS No. 2 COUNTRY;11/03/2015 18:23;47
15;268;PLUS No. 2 COUNTRY;11/03/2015 18:26;29
15;268;PLUS No. 2 COUNTRY;11/03/2015 18:18;44
15;268;PLUS No. 2 COUNTRY;11/03/2015 18:10;63
15;268;PLUS No. 2 COUNTRY;11/03/2015 18:11;86
15;268;PLUS No. 2 COUNTRY;11/03/2015 18:21;34
15;268;PLUS No. 2 COUNTRY;12/03/2015 08:20;885
15;268;PLUS No. 2 COUNTRY;11/03/2015 17:44;0
15;268;PLUS No. 2 COUNTRY;11/03/2015 17:27;68
15;268;PLUS No. 2 COUNTRY;11/03/2015 17:38;63
15;229;HEROES 1;11/03/2015 17:10;59
15;268;PLUS No. 2 COUNTRY;11/03/2015 16:54;67
15;268;PLUS No. 2 COUNTRY;11/03/2015 16:20;21
15;268;PLUS No. 2 COUNTRY;11/03/2015 16:12;49
15;268;PLUS No. 2 COUNTRY;11/03/2015 16:07;17
15;268;PLUS No. 2 COUNTRY;11/03/2015 16:19;6
15;268;PLUS No. 2 COUNTRY;11/03/2015 15:38;61
15;268;PLUS No. 2 COUNTRY;11/03/2015 15:58;51
15;268;PLUS No. 2 COUNTRY;11/03/2015 15:30;33
15;237;COUNTRY 2;11/03/2015 15:18;26
15;229;HEROES 1;11/03/2015 15:07;37
15;268;PLUS No. 2 COUNTRY;11/03/2015 15:06;33
15;268;PLUS No. 2 COUNTRY;11/03/2015 15:15;24
15;268;PLUS No. 2 COUNTRY;11/03/2015 14:32;103
15;268;PLUS No. 2 COUNTRY;11/03/2015 14:36;99
15;268;PLUS No. 2 COUNTRY;11/03/2015 14:58;77
15;268;PLUS No. 2 COUNTRY;11/03/2015 15:01;74
15;268;PLUS No. 2 COUNTRY;11/03/2015 15:03;72
15;268;PLUS No. 2 COUNTRY;11/03/2015 14:19;101
15;268;PLUS No. 2 COUNTRY;11/03/2015 14:20;88
15;268;PLUS No. 2 COUNTRY;11/03/2015 14:37;51
15;268;PLUS No. 2 COUNTRY;11/03/2015 14:59;80
15;268;PLUS No. 2 COUNTRY;11/03/2015 14:15;48
15;268;PLUS No. 2 COUNTRY;11/03/2015 13:48;60
15;268;PLUS No. 2 COUNTRY;11/03/2015 13:51;62
15;237;COUNTRY 2;11/03/2015 13:46;41
15;268;PLUS No. 2 COUNTRY;11/03/2015 13:31;34
15;229;HEROES 1;11/03/2015 13:24;35
15;229;HEROES 1;11/03/2015 13:26;63
15;229;HEROES 1;11/03/2015 13:09;27
15;268;PLUS No. 2 COUNTRY;11/03/2015 13:02;46
15;268;PLUS No. 2 COUNTRY;11/03/2015 13:00;26
15;268;PLUS No. 2 COUNTRY;11/03/2015 12:45;42
15;229;HEROES 1;11/03/2015 13:50;163
15;268;PLUS No. 2 COUNTRY;11/03/2015 12:30;59
15;268;PLUS No. 2 COUNTRY;11/03/2015 12:01;44
15;268;PLUS No. 2 COUNTRY;11/03/2015 11:44;42
15;229;HEROES 1;11/03/2015 13:50;215
15;229;HEROES 1;11/03/2015 11:36;34
15;237;COUNTRY 2;11/03/2015 11:02;17
15;237;COUNTRY 2;11/03/2015 11:13;35
15;268;PLUS No. 2 COUNTRY;11/03/2015 11:02;28
15;268;PLUS No. 2 COUNTRY;11/03/2015 11:11;19
15;229;HEROES 1;11/03/2015 10:49;39
15;268;PLUS No. 2 COUNTRY;11/03/2015 10:29;46
15;237;COUNTRY 2;11/03/2015 10:28;33
15;268;PLUS No. 2 COUNTRY;11/03/2015 10:09;37
15;268;PLUS No. 2 COUNTRY;11/03/2015 10:22;31
15;268;PLUS No. 2 COUNTRY;11/03/2015 09:53;88
15;229;HEROES 1;11/03/2015 09:52;27
15;229;HEROES 1;11/03/2015 09:55;45
15;268;PLUS No. 2 COUNTRY;11/03/2015 09:34;48
15;268;PLUS No. 2 COUNTRY;11/03/2015 09:21;18
15;268;PLUS No. 2 COUNTRY;11/03/2015 09:23;27
15;268;PLUS No. 2 COUNTRY;11/03/2015 09:25;27
15;268;PLUS No. 2 COUNTRY;11/03/2015 08:57;25
15;268;PLUS No. 2 COUNTRY;11/03/2015 08:51;52
15;268;PLUS No. 2 COUNTRY;11/03/2015 08:56;64
15;268;PLUS No. 2 COUNTRY;11/03/2015 09:05;54
15;268;PLUS No. 2 COUNTRY;11/03/2015 09:50;91
15;268;PLUS No. 2 COUNTRY;11/03/2015 09:50;16
15;268;PLUS No. 2 COUNTRY;11/03/2015 08:27;26
15;229;HEROES 1;11/03/2015 08:11;80
15;268;PLUS No. 2 COUNTRY;11/03/2015 08:07;57
15;237;COUNTRY 2;11/03/2015 07:53;37
15;268;PLUS No. 2 COUNTRY;11/03/2015 07:31;30
15;268;PLUS No. 2 COUNTRY;11/03/2015 07:50;88
15;268;PLUS No. 2 COUNTRY;11/03/2015 07:57;24
15;268;PLUS No. 2 COUNTRY;11/03/2015 06:35;0
15;268;PLUS No. 2 COUNTRY;11/03/2015 06:35;0
15;268;PLUS No. 2 COUNTRY;11/03/2015 06:36;0
15;268;PLUS No. 2 COUNTRY;11/03/2015 06:54;0
15;268;PLUS No. 2 COUNTRY;11/03/2015 07:14;0
15;268;PLUS No. 2 COUNTRY;11/03/2015 00:39;0
15;268;PLUS No. 2 COUNTRY;10/03/2015 22:45;469
15;268;PLUS No. 2 COUNTRY;10/03/2015 22:47;488
15;268;PLUS No. 2 COUNTRY;10/03/2015 23:08;476
15;268;PLUS No. 2 COUNTRY;11/03/2015 00:28;405
15;268;PLUS No. 2 COUNTRY;11/03/2015 01:41;353
15;268;PLUS No. 2 COUNTRY;10/03/2015 22:00;49
15;268;PLUS No. 2 COUNTRY;10/03/2015 20:52;96
15;268;PLUS No. 2 COUNTRY;10/03/2015 21:00;89
15;268;PLUS No. 2 COUNTRY;10/03/2015 21:14;74
15;268;PLUS No. 2 COUNTRY;10/03/2015 20:16;87
15;268;PLUS No. 2 COUNTRY;10/03/2015 20:34;70
15;268;PLUS No. 2 COUNTRY;10/03/2015 20:35;68
15;268;PLUS No. 2 COUNTRY;10/03/2015 20:45;59
15;268;PLUS No. 2 COUNTRY;10/03/2015 19:53;85
15;268;PLUS No. 2 COUNTRY;10/03/2015 20:27;51
15;237;COUNTRY 2;10/03/2015 19:45;56
15;268;PLUS No. 2 COUNTRY;10/03/2015 19:45;60
15;268;PLUS No. 2 COUNTRY;10/03/2015 19:49;70
15;268;PLUS No. 2 COUNTRY;10/03/2015 19:52;23
15;229;HEROES 1;10/03/2015 19:34;57
15;229;HEROES 1;10/03/2015 19:35;72
15;229;HEROES 1;10/03/2015 19:36;72
15;229;HEROES 1;10/03/2015 20:15;6
15;268;PLUS No. 2 COUNTRY;10/03/2015 19:15;83
15;268;PLUS No. 2 COUNTRY;10/03/2015 19:17;100
15;268;PLUS No. 2 COUNTRY;10/03/2015 19:23;53
15;268;PLUS No. 2 COUNTRY;10/03/2015 18:50;90
15;268;PLUS No. 2 COUNTRY;10/03/2015 19:14;67
15;268;PLUS No. 2 COUNTRY;10/03/2015 19:22;68
15;229;HEROES 1;10/03/2015 18:44;92
15;229;HEROES 1;10/03/2015 18:45;91
15;268;PLUS No. 2 COUNTRY;10/03/2015 18:33;62
15;268;PLUS No. 2 COUNTRY;10/03/2015 18:36;36
15;268;PLUS No. 2 COUNTRY;10/03/2015 18:42;71
15;268;PLUS No. 2 COUNTRY;10/03/2015 18:45;37
15;268;PLUS No. 2 COUNTRY;10/03/2015 17:40;96
15;268;PLUS No. 2 COUNTRY;10/03/2015 17:42;71
15;268;PLUS No. 2 COUNTRY;10/03/2015 17:50;102
15;268;PLUS No. 2 COUNTRY;10/03/2015 18:18;48
15;268;PLUS No. 2 COUNTRY;10/03/2015 17:27;52
15;237;COUNTRY 2;10/03/2015 17:11;62
15;237;COUNTRY 2;10/03/2015 17:16;75
15;268;PLUS No. 2 COUNTRY;10/03/2015 17:04;70
15;268;PLUS No. 2 COUNTRY;10/03/2015 17:16;42
15;268;PLUS No. 2 COUNTRY;10/03/2015 17:23;59
15;268;PLUS No. 2 COUNTRY;10/03/2015 16:55;37
15;268;PLUS No. 2 COUNTRY;10/03/2015 17:50;100
15;268;PLUS No. 2 COUNTRY;10/03/2015 18:13;60
15;268;PLUS No. 2 COUNTRY;10/03/2015 18:22;50
15;268;PLUS No. 2 COUNTRY;10/03/2015 18:25;48
15;268;PLUS No. 2 COUNTRY;10/03/2015 18:26;46
15;268;PLUS No. 2 COUNTRY;10/03/2015 16:19;79
15;268;PLUS No. 2 COUNTRY;10/03/2015 16:27;151
15;268;PLUS No. 2 COUNTRY;10/03/2015 16:39;139
15;268;PLUS No. 2 COUNTRY;10/03/2015 16:48;150
15;237;COUNTRY 2;10/03/2015 16:12;83
15;237;COUNTRY 2;10/03/2015 17:01;34
15;237;COUNTRY 2;10/03/2015 15:54;104
15;237;COUNTRY 2;10/03/2015 16:41;70
15;268;PLUS No. 2 COUNTRY;10/03/2015 15:53;60
15;268;PLUS No. 2 COUNTRY;10/03/2015 15:23;74
15;268;PLUS No. 2 COUNTRY;10/03/2015 15:26;106
15;268;PLUS No. 2 COUNTRY;10/03/2015 15:55;49
15;268;PLUS No. 2 COUNTRY;10/03/2015 15:58;55
15;268;PLUS No. 2 COUNTRY;10/03/2015 14:57;57
15;268;PLUS No. 2 COUNTRY;10/03/2015 15:01;73
15;268;PLUS No. 2 COUNTRY;10/03/2015 15:03;85
15;268;PLUS No. 2 COUNTRY;10/03/2015 15:09;91
15;237;COUNTRY 2;10/03/2015 18:20;266
15;237;COUNTRY 2;10/03/2015 18:16;84
15;237;COUNTRY 2;10/03/2015 14:51;98
15;237;COUNTRY 2;10/03/2015 15:11;92
15;237;COUNTRY 2;10/03/2015 14:38;140
15;237;COUNTRY 2;10/03/2015 15:34;49
15;237;COUNTRY 2;10/03/2015 14:29;0
15;268;PLUS No. 2 COUNTRY;10/03/2015 14:19;86
15;268;PLUS No. 2 COUNTRY;10/03/2015 14:15;107
15;268;PLUS No. 2 COUNTRY;10/03/2015 14:17;87
15;268;PLUS No. 2 COUNTRY;10/03/2015 14:21;77
15;268;PLUS No. 2 COUNTRY;10/03/2015 14:43;109
15;268;PLUS No. 2 COUNTRY;10/03/2015 14:53;27
15;268;PLUS No. 2 COUNTRY;10/03/2015 13:42;76
15;229;HEROES 1;10/03/2015 13:36;15500
15;268;PLUS No. 2 COUNTRY;10/03/2015 13:32;84
15;268;PLUS No. 2 COUNTRY;10/03/2015 13:37;80
15;268;PLUS No. 2 COUNTRY;10/03/2015 12:52;64
15;268;PLUS No. 2 COUNTRY;10/03/2015 12:50;27
15;268;PLUS No. 2 COUNTRY;10/03/2015 12:56;21
15;229;HEROES 1;10/03/2015 12:42;58
15;237;COUNTRY 2;10/03/2015 12:36;82
15;268;PLUS No. 2 COUNTRY;10/03/2015 13:50;153
15;268;PLUS No. 2 COUNTRY;10/03/2015 13:41;63
15;268;PLUS No. 2 COUNTRY;10/03/2015 13:45;44
15;268;PLUS No. 2 COUNTRY;10/03/2015 14:02;62
15;268;PLUS No. 2 COUNTRY;10/03/2015 12:00;41
15;229;HEROES 1;10/03/2015 11:40;64
15;229;HEROES 1;10/03/2015 11:58;29
15;229;HEROES 1;10/03/2015 11:18;38
15;229;HEROES 1;10/03/2015 11:25;16
15;268;PLUS No. 2 COUNTRY;10/03/2015 11:17;114
15;237;COUNTRY 2;10/03/2015 11:03;0
15;268;PLUS No. 2 COUNTRY;10/03/2015 10:52;163
15;268;PLUS No. 2 COUNTRY;10/03/2015 10:54;102
15;268;PLUS No. 2 COUNTRY;10/03/2015 11:00;147
15;268;PLUS No. 2 COUNTRY;10/03/2015 11:23;84
15;268;PLUS No. 2 COUNTRY;10/03/2015 11:45;78
15;237;COUNTRY 2;10/03/2015 10:49;73
15;237;COUNTRY 2;10/03/2015 11:13;52
15;229;HEROES 1;10/03/2015 13:20;175
15;229;HEROES 1;10/03/2015 16:20;411
15;229;HEROES 1;10/03/2015 16:20;74
15;237;COUNTRY 2;10/03/2015 10:20;47
15;268;PLUS No. 2 COUNTRY;10/03/2015 10:19;88
15;268;PLUS No. 2 COUNTRY;10/03/2015 10:20;100
15;268;PLUS No. 2 COUNTRY;10/03/2015 10:30;77
15;268;PLUS No. 2 COUNTRY;10/03/2015 10:44;64
15;268;PLUS No. 2 COUNTRY;10/03/2015 09:56;107
15;268;PLUS No. 2 COUNTRY;10/03/2015 09:58;88
15;268;PLUS No. 2 COUNTRY;10/03/2015 10:00;99
15;268;PLUS No. 2 COUNTRY;10/03/2015 10:32;55
15;268;PLUS No. 2 COUNTRY;10/03/2015 10:38;34
15;229;HEROES 1;10/03/2015 09:48;78
15;229;HEROES 1;10/03/2015 09:57;85
15;229;HEROES 1;10/03/2015 10:13;43
15;229;HEROES 1;10/03/2015 10:28;18
15;268;PLUS No. 2 COUNTRY;10/03/2015 09:43;60
15;268;PLUS No. 2 COUNTRY;10/03/2015 09:53;72
15;268;PLUS No. 2 COUNTRY;10/03/2015 09:40;46
15;237;COUNTRY 2;10/03/2015 09:28;61
15;237;COUNTRY 2;10/03/2015 09:37;29
15;229;HEROES 1;10/03/2015 09:09;36
15;229;HEROES 1;10/03/2015 09:15;25
15;268;PLUS No. 2 COUNTRY;10/03/2015 09:00;46
15;268;PLUS No. 2 COUNTRY;10/03/2015 09:04;66
15;268;PLUS No. 2 COUNTRY;10/03/2015 09:06;41
15;268;PLUS No. 2 COUNTRY;10/03/2015 08:53;24
15;268;PLUS No. 2 COUNTRY;10/03/2015 08:30;52
15;268;PLUS No. 2 COUNTRY;10/03/2015 08:38;36
15;268;PLUS No. 2 COUNTRY;10/03/2015 08:43;23
15;268;PLUS No. 2 COUNTRY;10/03/2015 08:45;26
15;268;PLUS No. 2 COUNTRY;10/03/2015 08:19;33
15;268;PLUS No. 2 COUNTRY;10/03/2015 08:28;26
15;268;PLUS No. 2 COUNTRY;10/03/2015 08:32;28
15;229;HEROES 1;10/03/2015 08:19;54
15;268;PLUS No. 2 COUNTRY;10/03/2015 10:20;190
15;268;PLUS No. 2 COUNTRY;10/03/2015 13:20;366
15;268;PLUS No. 2 COUNTRY;10/03/2015 08:02;46
15;268;PLUS No. 2 COUNTRY;10/03/2015 09:20;112
15;268;PLUS No. 2 COUNTRY;10/03/2015 09:15;83
15;268;PLUS No. 2 COUNTRY;10/03/2015 09:23;56
15;268;PLUS No. 2 COUNTRY;10/03/2015 09:28;35
15;237;COUNTRY 2;10/03/2015 07:44;59
15;268;PLUS No. 2 COUNTRY;10/03/2015 07:35;26
15;268;PLUS No. 2 COUNTRY;10/03/2015 07:18;20
15;268;PLUS No. 2 COUNTRY;10/03/2015 07:25;35
15;268;PLUS No. 2 COUNTRY;10/03/2015 07:17;25
15;268;PLUS No. 2 COUNTRY;10/03/2015 07:50;63
15;268;PLUS No. 2 COUNTRY;10/03/2015 06:15;57
15;268;PLUS No. 2 COUNTRY;10/03/2015 01:55;15
15;268;PLUS No. 2 COUNTRY;10/03/2015 00:32;17
15;268;PLUS No. 2 COUNTRY;09/03/2015 22:39;28
15;268;PLUS No. 2 COUNTRY;09/03/2015 22:40;26
15;268;PLUS No. 2 COUNTRY;09/03/2015 22:00;81
15;268;PLUS No. 2 COUNTRY;09/03/2015 22:01;80
15;268;PLUS No. 2 COUNTRY;09/03/2015 22:32;90
15;268;PLUS No. 2 COUNTRY;09/03/2015 22:37;61
15;268;PLUS No. 2 COUNTRY;09/03/2015 20:50;97
15;268;PLUS No. 2 COUNTRY;09/03/2015 20:59;103
15;268;PLUS No. 2 COUNTRY;09/03/2015 21:02;85
15;268;PLUS No. 2 COUNTRY;09/03/2015 21:09;80
15;268;PLUS No. 2 COUNTRY;09/03/2015 21:13;89
15;268;PLUS No. 2 COUNTRY;09/03/2015 20:43;55
15;268;PLUS No. 2 COUNTRY;09/03/2015 20:28;79
15;268;PLUS No. 2 COUNTRY;09/03/2015 20:30;77
15;268;PLUS No. 2 COUNTRY;09/03/2015 20:06;42
15;268;PLUS No. 2 COUNTRY;09/03/2015 20:08;37
15;268;PLUS No. 2 COUNTRY;09/03/2015 20:18;17
15;229;HEROES 1;09/03/2015 20:04;70
15;237;COUNTRY 2;09/03/2015 19:55;117
15;237;COUNTRY 2;09/03/2015 20:19;95
15;229;HEROES 1;09/03/2015 19:36;75
15;229;HEROES 1;09/03/2015 19:37;85
15;268;PLUS No. 2 COUNTRY;09/03/2015 19:14;67
15;268;PLUS No. 2 COUNTRY;09/03/2015 19:18;63
15;268;PLUS No. 2 COUNTRY;09/03/2015 19:20;61
15;268;PLUS No. 2 COUNTRY;09/03/2015 19:26;56
15;268;PLUS No. 2 COUNTRY;09/03/2015 19:50;84
15;268;PLUS No. 2 COUNTRY;09/03/2015 19:54;28
15;268;PLUS No. 2 COUNTRY;09/03/2015 19:55;65
15;268;PLUS No. 2 COUNTRY;09/03/2015 20:02;35
15;237;COUNTRY 2;09/03/2015 18:57;48
15;268;PLUS No. 2 COUNTRY;09/03/2015 18:53;39
15;268;PLUS No. 2 COUNTRY;09/03/2015 18:55;27
15;268;PLUS No. 2 COUNTRY;09/03/2015 18:56;65
15;268;PLUS No. 2 COUNTRY;09/03/2015 18:58;39
15;268;PLUS No. 2 COUNTRY;09/03/2015 19:05;42
15;268;PLUS No. 2 COUNTRY;09/03/2015 18:52;62
15;229;HEROES 1;09/03/2015 18:41;53
15;268;PLUS No. 2 COUNTRY;09/03/2015 18:37;45
15;268;PLUS No. 2 COUNTRY;09/03/2015 18:46;36
15;268;PLUS No. 2 COUNTRY;09/03/2015 18:49;0
15;268;PLUS No. 2 COUNTRY;09/03/2015 18:33;58
15;268;PLUS No. 2 COUNTRY;09/03/2015 18:45;47
15;268;PLUS No. 2 COUNTRY;09/03/2015 18:08;39
15;229;HEROES 1;09/03/2015 17:54;39
15;268;PLUS No. 2 COUNTRY;09/03/2015 17:53;42
15;268;PLUS No. 2 COUNTRY;09/03/2015 17:30;50
15;268;PLUS No. 2 COUNTRY;09/03/2015 17:31;49
15;268;PLUS No. 2 COUNTRY;09/03/2015 17:34;47
15;237;COUNTRY 2;09/03/2015 17:15;42
15;229;HEROES 1;09/03/2015 17:13;27
15;268;PLUS No. 2 COUNTRY;09/03/2015 16:38;43
15;229;HEROES 1;09/03/2015 16:22;32
15;229;HEROES 1;09/03/2015 16:23;43
15;229;HEROES 1;09/03/2015 16:31;14
15;268;PLUS No. 2 COUNTRY;09/03/2015 16:05;45
15;237;COUNTRY 2;09/03/2015 16:02;80
15;229;HEROES 1;09/03/2015 15:36;38
15;229;HEROES 1;09/03/2015 15:36;18
15;268;PLUS No. 2 COUNTRY;09/03/2015 15:35;43
15;237;COUNTRY 2;09/03/2015 15:13;28
15;229;HEROES 1;09/03/2015 14:58;29
15;229;HEROES 1;09/03/2015 15:06;29
15;268;PLUS No. 2 COUNTRY;09/03/2015 14:51;54
15;268;PLUS No. 2 COUNTRY;09/03/2015 14:58;47
15;268;PLUS No. 2 COUNTRY;09/03/2015 15:01;44
15;229;HEROES 1;09/03/2015 14:41;18
15;237;COUNTRY 2;09/03/2015 14:24;29
15;268;PLUS No. 2 COUNTRY;09/03/2015 14:08;51
15;268;PLUS No. 2 COUNTRY;09/03/2015 14:12;60
15;268;PLUS No. 2 COUNTRY;09/03/2015 13:48;55
15;268;PLUS No. 2 COUNTRY;09/03/2015 13:52;51
15;229;HEROES 1;09/03/2015 13:13;21
15;268;PLUS No. 2 COUNTRY;09/03/2015 13:11;22
15;237;COUNTRY 2;09/03/2015 12:19;62
15;229;HEROES 1;09/03/2015 13:50;144
15;268;PLUS No. 2 COUNTRY;09/03/2015 12:00;52
15;268;PLUS No. 2 COUNTRY;09/03/2015 12:01;60
15;268;PLUS No. 2 COUNTRY;09/03/2015 12:03;41
15;237;COUNTRY 2;09/03/2015 11:58;24
15;268;PLUS No. 2 COUNTRY;09/03/2015 11:46;63
15;268;PLUS No. 2 COUNTRY;09/03/2015 12:08;38
15;237;COUNTRY 2;09/03/2015 11:43;15
15;237;COUNTRY 2;09/03/2015 12:50;124
15;237;COUNTRY 2;09/03/2015 13:01;50
15;268;PLUS No. 2 COUNTRY;09/03/2015 11:38;59
15;268;PLUS No. 2 COUNTRY;09/03/2015 11:42;56
15;268;PLUS No. 2 COUNTRY;09/03/2015 11:53;44
15;268;PLUS No. 2 COUNTRY;09/03/2015 11:55;42
15;237;COUNTRY 2;09/03/2015 11:20;30
15;268;PLUS No. 2 COUNTRY;09/03/2015 11:09;70
15;268;PLUS No. 2 COUNTRY;09/03/2015 11:21;87
15;268;PLUS No. 2 COUNTRY;09/03/2015 11:23;43
15;268;PLUS No. 2 COUNTRY;09/03/2015 11:32;32
15;268;PLUS No. 2 COUNTRY;09/03/2015 11:40;40
15;237;COUNTRY 2;09/03/2015 11:04;21
15;268;PLUS No. 2 COUNTRY;09/03/2015 11:03;45
15;268;PLUS No. 2 COUNTRY;09/03/2015 11:03;46
15;268;PLUS No. 2 COUNTRY;09/03/2015 13:20;180
15;229;HEROES 1;09/03/2015 11:00;57
15;237;COUNTRY 2;09/03/2015 10:40;23
15;268;PLUS No. 2 COUNTRY;09/03/2015 10:18;30
15;268;PLUS No. 2 COUNTRY;09/03/2015 09:57;33
15;268;PLUS No. 2 COUNTRY;09/03/2015 09:45;58
15;268;PLUS No. 2 COUNTRY;09/03/2015 09:48;42
15;268;PLUS No. 2 COUNTRY;09/03/2015 09:49;22
15;268;PLUS No. 2 COUNTRY;09/03/2015 09:54;48
15;237;COUNTRY 2;09/03/2015 09:40;63
15;237;COUNTRY 2;09/03/2015 09:38;42
15;268;PLUS No. 2 COUNTRY;09/03/2015 09:28;16
15;268;PLUS No. 2 COUNTRY;09/03/2015 09:05;41
15;268;PLUS No. 2 COUNTRY;09/03/2015 09:09;66
15;268;PLUS No. 2 COUNTRY;09/03/2015 09:13;61
15;268;PLUS No. 2 COUNTRY;09/03/2015 08:54;24
15;268;PLUS No. 2 COUNTRY;09/03/2015 08:56;38
15;268;PLUS No. 2 COUNTRY;09/03/2015 09:00;30
15;268;PLUS No. 2 COUNTRY;09/03/2015 08:52;32
15;268;PLUS No. 2 COUNTRY;09/03/2015 06:43;51
15;268;PLUS No. 2 COUNTRY;08/03/2015 22:55;20
15;268;PLUS No. 2 COUNTRY;08/03/2015 22:07;34
15;268;PLUS No. 2 COUNTRY;08/03/2015 22:13;42
15;268;PLUS No. 2 COUNTRY;08/03/2015 22:18;30
15;268;PLUS No. 2 COUNTRY;08/03/2015 21:31;31
15;268;PLUS No. 2 COUNTRY;08/03/2015 21:17;67
15;268;PLUS No. 2 COUNTRY;08/03/2015 21:18;30
15;268;PLUS No. 2 COUNTRY;08/03/2015 21:19;46
15;268;PLUS No. 2 COUNTRY;08/03/2015 21:50;92
15;268;PLUS No. 2 COUNTRY;08/03/2015 22:02;27
15;268;PLUS No. 2 COUNTRY;08/03/2015 20:47;22
15;268;PLUS No. 2 COUNTRY;08/03/2015 20:51;31
15;268;PLUS No. 2 COUNTRY;08/03/2015 20:52;42
15;268;PLUS No. 2 COUNTRY;08/03/2015 20:54;34
15;268;PLUS No. 2 COUNTRY;08/03/2015 20:19;53
15;268;PLUS No. 2 COUNTRY;08/03/2015 20:29;44
15;268;PLUS No. 2 COUNTRY;08/03/2015 20:11;56
15;268;PLUS No. 2 COUNTRY;08/03/2015 20:13;29
15;268;PLUS No. 2 COUNTRY;08/03/2015 20:15;22
15;268;PLUS No. 2 COUNTRY;08/03/2015 20:17;61
15;268;PLUS No. 2 COUNTRY;08/03/2015 20:19;39
15;268;PLUS No. 2 COUNTRY;08/03/2015 19:56;36
15;268;PLUS No. 2 COUNTRY;08/03/2015 19:39;35
15;268;PLUS No. 2 COUNTRY;08/03/2015 19:43;32
15;268;PLUS No. 2 COUNTRY;08/03/2015 19:45;51
15;268;PLUS No. 2 COUNTRY;08/03/2015 19:13;35
15;268;PLUS No. 2 COUNTRY;08/03/2015 19:05;53
15;268;PLUS No. 2 COUNTRY;08/03/2015 19:08;41
15;268;PLUS No. 2 COUNTRY;08/03/2015 19:11;24
15;268;PLUS No. 2 COUNTRY;08/03/2015 18:50;47
15;268;PLUS No. 2 COUNTRY;08/03/2015 18:51;48
15;268;PLUS No. 2 COUNTRY;08/03/2015 19:02;36
15;268;PLUS No. 2 COUNTRY;08/03/2015 18:35;30
15;268;PLUS No. 2 COUNTRY;08/03/2015 18:08;58
15;268;PLUS No. 2 COUNTRY;08/03/2015 18:14;42
15;268;PLUS No. 2 COUNTRY;08/03/2015 18:19;19
15;268;PLUS No. 2 COUNTRY;08/03/2015 17:48;54
15;268;PLUS No. 2 COUNTRY;08/03/2015 17:49;63
15;268;PLUS No. 2 COUNTRY;08/03/2015 17:38;44
15;268;PLUS No. 2 COUNTRY;08/03/2015 17:47;36
15;268;PLUS No. 2 COUNTRY;08/03/2015 17:24;31
15;268;PLUS No. 2 COUNTRY;08/03/2015 17:06;50
15;268;PLUS No. 2 COUNTRY;08/03/2015 16:53;30
15;268;PLUS No. 2 COUNTRY;08/03/2015 16:49;22
15;268;PLUS No. 2 COUNTRY;08/03/2015 16:55;25
15;237;COUNTRY 2;08/03/2015 16:35;28
15;229;HEROES 1;08/03/2015 16:09;40
15;268;PLUS No. 2 COUNTRY;08/03/2015 16:00;23
15;268;PLUS No. 2 COUNTRY;08/03/2015 15:26;48
15;268;PLUS No. 2 COUNTRY;08/03/2015 14:34;26
15;268;PLUS No. 2 COUNTRY;08/03/2015 13:47;26
15;268;PLUS No. 2 COUNTRY;08/03/2015 13:46;72
15;268;PLUS No. 2 COUNTRY;08/03/2015 13:49;69
15;229;HEROES 1;08/03/2015 13:28;69
15;237;COUNTRY 2;08/03/2015 13:17;42
15;268;PLUS No. 2 COUNTRY;08/03/2015 13:14;23
15;268;PLUS No. 2 COUNTRY;08/03/2015 12:21;78
15;268;PLUS No. 2 COUNTRY;08/03/2015 12:20;0
15;237;COUNTRY 2;08/03/2015 12:19;63
15;237;COUNTRY 2;08/03/2015 12:19;63
15;268;PLUS No. 2 COUNTRY;08/03/2015 11:46;48
15;268;PLUS No. 2 COUNTRY;08/03/2015 11:12;16
15;229;HEROES 1;08/03/2015 10:59;34
15;237;COUNTRY 2;08/03/2015 10:57;46
15;268;PLUS No. 2 COUNTRY;08/03/2015 09:32;45
15;268;PLUS No. 2 COUNTRY;08/03/2015 09:11;41
15;268;PLUS No. 2 COUNTRY;08/03/2015 08:27;59
15;268;PLUS No. 2 COUNTRY;08/03/2015 08:50;40
15;268;PLUS No. 2 COUNTRY;08/03/2015 08:15;45
15;268;PLUS No. 2 COUNTRY;08/03/2015 08:22;38
15;268;PLUS No. 2 COUNTRY;08/03/2015 07:18;16
15;268;PLUS No. 2 COUNTRY;08/03/2015 01:27;12
15;268;PLUS No. 2 COUNTRY;08/03/2015 01:32;7
15;268;PLUS No. 2 COUNTRY;08/03/2015 01:34;12
15;268;PLUS No. 2 COUNTRY;08/03/2015 01:01;18
15;268;PLUS No. 2 COUNTRY;07/03/2015 23:53;34
15;268;PLUS No. 2 COUNTRY;07/03/2015 22:27;77
15;268;PLUS No. 2 COUNTRY;07/03/2015 22:43;70
15;268;PLUS No. 2 COUNTRY;07/03/2015 23:34;17
15;268;PLUS No. 2 COUNTRY;07/03/2015 21:49;34
15;268;PLUS No. 2 COUNTRY;07/03/2015 21:56;98
15;268;PLUS No. 2 COUNTRY;07/03/2015 22:02;68
15;268;PLUS No. 2 COUNTRY;07/03/2015 22:11;68
15;268;PLUS No. 2 COUNTRY;07/03/2015 20:58;81
15;268;PLUS No. 2 COUNTRY;07/03/2015 20:55;67
15;268;PLUS No. 2 COUNTRY;07/03/2015 21:03;58
15;268;PLUS No. 2 COUNTRY;07/03/2015 21:04;69
15;268;PLUS No. 2 COUNTRY;07/03/2015 20:36;64
15;268;PLUS No. 2 COUNTRY;07/03/2015 20:43;56
15;268;PLUS No. 2 COUNTRY;07/03/2015 20:32;58
15;268;PLUS No. 2 COUNTRY;07/03/2015 20:37;43
15;268;PLUS No. 2 COUNTRY;07/03/2015 20:41;41
15;268;PLUS No. 2 COUNTRY;07/03/2015 19:45;55
15;268;PLUS No. 2 COUNTRY;07/03/2015 19:55;45
15;268;PLUS No. 2 COUNTRY;07/03/2015 20:00;40
15;268;PLUS No. 2 COUNTRY;07/03/2015 20:02;38
15;268;PLUS No. 2 COUNTRY;07/03/2015 18:50;80
15;268;PLUS No. 2 COUNTRY;07/03/2015 19:01;71
15;268;PLUS No. 2 COUNTRY;07/03/2015 19:25;55
15;268;PLUS No. 2 COUNTRY;07/03/2015 19:31;43
15;268;PLUS No. 2 COUNTRY;07/03/2015 18:49;69
15;268;PLUS No. 2 COUNTRY;07/03/2015 19:10;47
15;268;PLUS No. 2 COUNTRY;07/03/2015 18:20;48
15;229;HEROES 1;07/03/2015 18:13;82
15;229;HEROES 1;07/03/2015 19:09;26
15;268;PLUS No. 2 COUNTRY;07/03/2015 17:47;47
15;237;COUNTRY 2;07/03/2015 17:45;82
15;237;COUNTRY 2;07/03/2015 17:56;71
15;268;PLUS No. 2 COUNTRY;07/03/2015 17:31;47
15;268;PLUS No. 2 COUNTRY;07/03/2015 17:33;29
15;268;PLUS No. 2 COUNTRY;07/03/2015 17:41;27
15;268;PLUS No. 2 COUNTRY;07/03/2015 17:26;33
15;268;PLUS No. 2 COUNTRY;07/03/2015 17:29;43
15;268;PLUS No. 2 COUNTRY;07/03/2015 17:12;20
15;268;PLUS No. 2 COUNTRY;07/03/2015 16:34;49
15;268;PLUS No. 2 COUNTRY;07/03/2015 16:44;58
15;268;PLUS No. 2 COUNTRY;07/03/2015 16:21;39
15;268;PLUS No. 2 COUNTRY;07/03/2015 16:05;33
15;237;COUNTRY 2;07/03/2015 15:42;49
15;229;HEROES 1;07/03/2015 15:39;40
15;229;HEROES 1;07/03/2015 15:51;71
15;268;PLUS No. 2 COUNTRY;07/03/2015 15:02;37
15;268;PLUS No. 2 COUNTRY;07/03/2015 15:13;28
15;268;PLUS No. 2 COUNTRY;07/03/2015 14:25;36
15;229;HEROES 1;07/03/2015 14:08;51
15;268;PLUS No. 2 COUNTRY;07/03/2015 13:47;50
15;268;PLUS No. 2 COUNTRY;07/03/2015 13:56;43
15;268;PLUS No. 2 COUNTRY;07/03/2015 13:46;59
15;268;PLUS No. 2 COUNTRY;07/03/2015 13:48;57
15;268;PLUS No. 2 COUNTRY;07/03/2015 13:12;39
15;268;PLUS No. 2 COUNTRY;07/03/2015 13:18;44
15;268;PLUS No. 2 COUNTRY;07/03/2015 12:31;25
15;237;COUNTRY 2;07/03/2015 12:23;34
15;268;PLUS No. 2 COUNTRY;07/03/2015 12:12;78
15;229;HEROES 1;07/03/2015 11:42;48
15;229;HEROES 1;07/03/2015 11:42;22
15;237;COUNTRY 2;07/03/2015 11:40;68
15;268;PLUS No. 2 COUNTRY;07/03/2015 11:28;73
15;268;PLUS No. 2 COUNTRY;07/03/2015 11:04;34
15;268;PLUS No. 2 COUNTRY;07/03/2015 11:08;51
15;268;PLUS No. 2 COUNTRY;07/03/2015 10:47;65
15;268;PLUS No. 2 COUNTRY;07/03/2015 10:49;70
15;268;PLUS No. 2 COUNTRY;07/03/2015 10:39;29
15;268;PLUS No. 2 COUNTRY;07/03/2015 10:45;20
15;229;HEROES 1;07/03/2015 10:18;38
15;229;HEROES 1;07/03/2015 11:20;102
15;237;COUNTRY 2;07/03/2015 10:10;39
15;229;HEROES 1;07/03/2015 09:49;19
15;268;PLUS No. 2 COUNTRY;07/03/2015 09:46;43
15;268;PLUS No. 2 COUNTRY;07/03/2015 09:48;47
15;268;PLUS No. 2 COUNTRY;07/03/2015 09:56;49
15;268;PLUS No. 2 COUNTRY;07/03/2015 09:58;25
15;268;PLUS No. 2 COUNTRY;07/03/2015 09:40;28
15;237;COUNTRY 2;07/03/2015 09:34;57
15;229;HEROES 1;07/03/2015 09:18;17
15;229;HEROES 1;07/03/2015 09:05;13
15;237;COUNTRY 2;07/03/2015 08:40;69
15;229;HEROES 1;07/03/2015 08:19;31
15;229;HEROES 1;07/03/2015 11:20;212
15;268;PLUS No. 2 COUNTRY;07/03/2015 07:58;29
15;268;PLUS No. 2 COUNTRY;07/03/2015 07:50;22
15;268;PLUS No. 2 COUNTRY;07/03/2015 07:39;44
15;268;PLUS No. 2 COUNTRY;07/03/2015 07:10;21
15;268;PLUS No. 2 COUNTRY;07/03/2015 06:54;35
15;268;PLUS No. 2 COUNTRY;07/03/2015 06:06;18
15;268;PLUS No. 2 COUNTRY;07/03/2015 01:54;23
15;268;PLUS No. 2 COUNTRY;07/03/2015 02:00;18
15;268;PLUS No. 2 COUNTRY;06/03/2015 22:50;36
15;268;PLUS No. 2 COUNTRY;06/03/2015 22:37;25
15;268;PLUS No. 2 COUNTRY;06/03/2015 21:51;31
15;268;PLUS No. 2 COUNTRY;06/03/2015 21:52;39
15;268;PLUS No. 2 COUNTRY;06/03/2015 21:29;147
15;268;PLUS No. 2 COUNTRY;06/03/2015 21:24;50
15;268;PLUS No. 2 COUNTRY;06/03/2015 21:25;37
15;268;PLUS No. 2 COUNTRY;06/03/2015 21:27;48
15;268;PLUS No. 2 COUNTRY;06/03/2015 21:01;44
15;268;PLUS No. 2 COUNTRY;06/03/2015 21:05;20
15;268;PLUS No. 2 COUNTRY;06/03/2015 20:27;57
15;268;PLUS No. 2 COUNTRY;06/03/2015 20:45;30
15;268;PLUS No. 2 COUNTRY;06/03/2015 20:14;21
15;237;COUNTRY 2;06/03/2015 20:13;33
15;268;PLUS No. 2 COUNTRY;06/03/2015 20:11;29
15;229;HEROES 1;06/03/2015 20:08;15
15;268;PLUS No. 2 COUNTRY;06/03/2015 19:51;37
15;268;PLUS No. 2 COUNTRY;06/03/2015 20:03;33
15;268;PLUS No. 2 COUNTRY;06/03/2015 19:25;92
15;268;PLUS No. 2 COUNTRY;06/03/2015 19:29;54
15;268;PLUS No. 2 COUNTRY;06/03/2015 19:12;42
15;268;PLUS No. 2 COUNTRY;06/03/2015 19:11;22
15;268;PLUS No. 2 COUNTRY;06/03/2015 19:14;39
15;229;HEROES 1;06/03/2015 18:59;32
15;268;PLUS No. 2 COUNTRY;06/03/2015 18:46;34
15;268;PLUS No. 2 COUNTRY;06/03/2015 18:48;52
15;268;PLUS No. 2 COUNTRY;06/03/2015 18:50;59
15;268;PLUS No. 2 COUNTRY;06/03/2015 18:11;28
15;268;PLUS No. 2 COUNTRY;06/03/2015 18:14;76
15;268;PLUS No. 2 COUNTRY;06/03/2015 18:21;56
15;229;HEROES 1;06/03/2015 18:09;14
15;268;PLUS No. 2 COUNTRY;06/03/2015 17:55;44
15;237;COUNTRY 2;06/03/2015 17:42;43
15;268;PLUS No. 2 COUNTRY;06/03/2015 17:31;39
15;229;HEROES 1;06/03/2015 17:08;61
15;268;PLUS No. 2 COUNTRY;06/03/2015 16:50;47
15;268;PLUS No. 2 COUNTRY;06/03/2015 16:38;34
15;268;PLUS No. 2 COUNTRY;06/03/2015 16:21;50
15;268;PLUS No. 2 COUNTRY;06/03/2015 16:23;47
15;268;PLUS No. 2 COUNTRY;06/03/2015 16:25;59
15;237;COUNTRY 2;06/03/2015 16:20;53
15;237;COUNTRY 2;06/03/2015 16:26;35
15;268;PLUS No. 2 COUNTRY;06/03/2015 15:55;31
15;268;PLUS No. 2 COUNTRY;06/03/2015 16:05;39
15;268;PLUS No. 2 COUNTRY;06/03/2015 15:36;59
15;268;PLUS No. 2 COUNTRY;06/03/2015 15:41;31
15;229;HEROES 1;06/03/2015 15:27;53
15;229;HEROES 1;06/03/2015 15:44;49
15;268;PLUS No. 2 COUNTRY;06/03/2015 15:09;20
15;268;PLUS No. 2 COUNTRY;06/03/2015 15:17;75
15;237;COUNTRY 2;06/03/2015 15:08;43
15;268;PLUS No. 2 COUNTRY;07/03/2015 08:20;1078
15;268;PLUS No. 2 COUNTRY;07/03/2015 08:13;59
15;268;PLUS No. 2 COUNTRY;06/03/2015 14:57;66
15;268;PLUS No. 2 COUNTRY;06/03/2015 14:30;43
15;229;HEROES 1;06/03/2015 14:26;114
15;229;HEROES 1;06/03/2015 14:35;97
15;229;HEROES 1;06/03/2015 14:44;58
15;229;HEROES 1;06/03/2015 14:51;50
15;268;PLUS No. 2 COUNTRY;06/03/2015 14:15;61
15;268;PLUS No. 2 COUNTRY;06/03/2015 14:20;47
15;268;PLUS No. 2 COUNTRY;06/03/2015 14:11;40
15;268;PLUS No. 2 COUNTRY;06/03/2015 13:53;61
15;268;PLUS No. 2 COUNTRY;06/03/2015 13:30;32
15;268;PLUS No. 2 COUNTRY;06/03/2015 13:16;41
15;229;HEROES 1;06/03/2015 13:02;50
15;268;PLUS No. 2 COUNTRY;06/03/2015 12:19;63
15;268;PLUS No. 2 COUNTRY;06/03/2015 11:48;49
15;268;PLUS No. 2 COUNTRY;06/03/2015 11:58;22
15;237;COUNTRY 2;06/03/2015 11:35;62
15;237;COUNTRY 2;06/03/2015 11:46;38
15;268;PLUS No. 2 COUNTRY;06/03/2015 11:31;27
15;229;HEROES 1;06/03/2015 11:29;62
15;229;HEROES 1;06/03/2015 11:48;50
15;229;HEROES 1;06/03/2015 11:55;55
15;237;COUNTRY 2;06/03/2015 11:17;19
15;237;COUNTRY 2;06/03/2015 11:19;31
15;268;PLUS No. 2 COUNTRY;06/03/2015 10:59;36
15;268;PLUS No. 2 COUNTRY;06/03/2015 22:50;747
15;268;PLUS No. 2 COUNTRY;06/03/2015 10:56;25
15;237;COUNTRY 2;06/03/2015 10:53;18
15;237;COUNTRY 2;06/03/2015 11:01;18
15;229;HEROES 1;06/03/2015 10:50;39
15;268;PLUS No. 2 COUNTRY;06/03/2015 10:36;81
15;237;COUNTRY 2;06/03/2015 10:02;36
15;268;PLUS No. 2 COUNTRY;06/03/2015 09:54;29
15;229;HEROES 1;06/03/2015 09:42;29
15;268;PLUS No. 2 COUNTRY;06/03/2015 09:21;76
15;268;PLUS No. 2 COUNTRY;06/03/2015 09:30;30
15;268;PLUS No. 2 COUNTRY;06/03/2015 09:00;57
15;268;PLUS No. 2 COUNTRY;06/03/2015 09:06;26
15;268;PLUS No. 2 COUNTRY;06/03/2015 09:09;37
15;268;PLUS No. 2 COUNTRY;06/03/2015 08:41;32
15;237;COUNTRY 2;06/03/2015 08:11;25
15;268;PLUS No. 2 COUNTRY;06/03/2015 08:09;41
15;268;PLUS No. 2 COUNTRY;06/03/2015 08:04;21
15;268;PLUS No. 2 COUNTRY;06/03/2015 08:05;79
15;268;PLUS No. 2 COUNTRY;06/03/2015 08:07;76
15;268;PLUS No. 2 COUNTRY;06/03/2015 08:13;71
15;237;COUNTRY 2;06/03/2015 07:43;28
15;268;PLUS No. 2 COUNTRY;06/03/2015 01:59;19
15;268;PLUS No. 2 COUNTRY;06/03/2015 02:00;17
15;268;PLUS No. 2 COUNTRY;06/03/2015 00:41;25
15;268;PLUS No. 2 COUNTRY;06/03/2015 00:31;30
15;268;PLUS No. 2 COUNTRY;05/03/2015 22:17;52
15;268;PLUS No. 2 COUNTRY;05/03/2015 22:23;42
15;268;PLUS No. 2 COUNTRY;05/03/2015 21:30;71
15;268;PLUS No. 2 COUNTRY;05/03/2015 21:31;57
15;268;PLUS No. 2 COUNTRY;05/03/2015 21:58;33
15;268;PLUS No. 2 COUNTRY;05/03/2015 21:24;80
15;268;PLUS No. 2 COUNTRY;05/03/2015 21:56;37
15;237;COUNTRY 2;05/03/2015 20:52;59
15;268;PLUS No. 2 COUNTRY;05/03/2015 20:42;81
15;268;PLUS No. 2 COUNTRY;05/03/2015 20:49;43
15;268;PLUS No. 2 COUNTRY;05/03/2015 20:56;46
15;268;PLUS No. 2 COUNTRY;05/03/2015 20:25;30
15;268;PLUS No. 2 COUNTRY;05/03/2015 20:27;44
15;229;HEROES 1;05/03/2015 20:03;54
15;237;COUNTRY 2;05/03/2015 19:58;31
15;268;PLUS No. 2 COUNTRY;05/03/2015 19:52;64
15;268;PLUS No. 2 COUNTRY;05/03/2015 19:57;44
15;229;HEROES 1;05/03/2015 19:47;57
15;229;HEROES 1;05/03/2015 19:52;77
15;237;COUNTRY 2;05/03/2015 19:40;42
15;229;HEROES 1;05/03/2015 19:32;43
15;268;PLUS No. 2 COUNTRY;05/03/2015 18:58;54
15;268;PLUS No. 2 COUNTRY;05/03/2015 18:34;41
15;268;PLUS No. 2 COUNTRY;05/03/2015 18:40;27
15;268;PLUS No. 2 COUNTRY;05/03/2015 18:33;61
15;268;PLUS No. 2 COUNTRY;05/03/2015 18:36;42
15;229;HEROES 1;05/03/2015 18:30;65
15;268;PLUS No. 2 COUNTRY;05/03/2015 17:44;54
15;268;PLUS No. 2 COUNTRY;05/03/2015 17:43;23
15;229;HEROES 1;05/03/2015 17:39;30
15;237;COUNTRY 2;05/03/2015 17:36;108
15;237;COUNTRY 2;05/03/2015 17:59;67
15;237;COUNTRY 2;05/03/2015 18:08;41
15;268;PLUS No. 2 COUNTRY;05/03/2015 17:26;69
15;268;PLUS No. 2 COUNTRY;05/03/2015 17:31;123
15;268;PLUS No. 2 COUNTRY;05/03/2015 17:32;81
15;268;PLUS No. 2 COUNTRY;05/03/2015 17:33;95
15;268;PLUS No. 2 COUNTRY;05/03/2015 17:35;44
15;229;HEROES 1;05/03/2015 17:16;56
15;229;HEROES 1;05/03/2015 17:18;54
15;229;HEROES 1;05/03/2015 17:26;56
15;268;PLUS No. 2 COUNTRY;05/03/2015 17:10;51
15;268;PLUS No. 2 COUNTRY;05/03/2015 17:12;59
15;268;PLUS No. 2 COUNTRY;05/03/2015 17:09;38
15;229;HEROES 1;05/03/2015 17:50;94
15;268;PLUS No. 2 COUNTRY;05/03/2015 16:46;65
15;268;PLUS No. 2 COUNTRY;05/03/2015 16:58;55
15;229;HEROES 1;05/03/2015 16:20;74
15;268;PLUS No. 2 COUNTRY;05/03/2015 16:18;57
15;237;COUNTRY 2;05/03/2015 16:09;42
15;237;COUNTRY 2;05/03/2015 16:10;41
15;237;COUNTRY 2;05/03/2015 16:11;40
15;237;COUNTRY 2;05/03/2015 16:27;35
15;268;PLUS No. 2 COUNTRY;05/03/2015 15:59;58
15;268;PLUS No. 2 COUNTRY;05/03/2015 15:56;60
15;268;PLUS No. 2 COUNTRY;05/03/2015 16:06;63
15;268;PLUS No. 2 COUNTRY;05/03/2015 16:07;72
15;237;COUNTRY 2;05/03/2015 15:37;37
15;229;HEROES 1;05/03/2015 15:06;39
15;268;PLUS No. 2 COUNTRY;05/03/2015 15:06;75
15;268;PLUS No. 2 COUNTRY;05/03/2015 15:04;31
15;268;PLUS No. 2 COUNTRY;05/03/2015 14:50;60
15;268;PLUS No. 2 COUNTRY;05/03/2015 14:52;58
15;268;PLUS No. 2 COUNTRY;05/03/2015 14:55;55
15;268;PLUS No. 2 COUNTRY;05/03/2015 15:00;63
15;268;PLUS No. 2 COUNTRY;05/03/2015 14:23;24
15;268;PLUS No. 2 COUNTRY;05/03/2015 14:08;47
15;268;PLUS No. 2 COUNTRY;05/03/2015 14:04;48
15;268;PLUS No. 2 COUNTRY;05/03/2015 14:10;43
15;229;HEROES 1;05/03/2015 13:52;81
15;268;PLUS No. 2 COUNTRY;05/03/2015 13:49;42
15;237;COUNTRY 2;05/03/2015 13:43;74
15;237;COUNTRY 2;05/03/2015 13:53;64
15;237;COUNTRY 2;05/03/2015 14:21;28
15;268;PLUS No. 2 COUNTRY;05/03/2015 13:43;28
15;268;PLUS No. 2 COUNTRY;05/03/2015 13:21;34
15;268;PLUS No. 2 COUNTRY;05/03/2015 13:00;53
15;268;PLUS No. 2 COUNTRY;05/03/2015 13:12;41
15;268;PLUS No. 2 COUNTRY;05/03/2015 12:38;26
15;237;COUNTRY 2;05/03/2015 12:26;28
15;268;PLUS No. 2 COUNTRY;05/03/2015 12:19;67
15;268;PLUS No. 2 COUNTRY;05/03/2015 12:22;50
15;268;PLUS No. 2 COUNTRY;05/03/2015 12:31;32
15;237;COUNTRY 2;05/03/2015 11:57;53
15;268;PLUS No. 2 COUNTRY;05/03/2015 11:51;54
15;237;COUNTRY 2;05/03/2015 11:42;25
15;268;PLUS No. 2 COUNTRY;05/03/2015 11:05;22
15;237;COUNTRY 2;05/03/2015 10:44;40
15;268;PLUS No. 2 COUNTRY;05/03/2015 10:25;0
15;237;COUNTRY 2;05/03/2015 10:22;51
15;229;HEROES 1;05/03/2015 09:58;33
15;268;PLUS No. 2 COUNTRY;05/03/2015 09:52;55
15;268;PLUS No. 2 COUNTRY;05/03/2015 09:38;34
15;229;HEROES 1;05/03/2015 10:20;0
15;237;COUNTRY 2;05/03/2015 09:15;45
15;268;PLUS No. 2 COUNTRY;05/03/2015 09:14;27
15;268;PLUS No. 2 COUNTRY;05/03/2015 09:25;16
15;237;COUNTRY 2;05/03/2015 09:12;0
15;268;PLUS No. 2 COUNTRY;05/03/2015 08:57;20
15;268;PLUS No. 2 COUNTRY;05/03/2015 09:09;22
15;268;PLUS No. 2 COUNTRY;05/03/2015 08:48;39
15;268;PLUS No. 2 COUNTRY;05/03/2015 08:40;22
15;268;PLUS No. 2 COUNTRY;05/03/2015 10:20;154
15;268;PLUS No. 2 COUNTRY;05/03/2015 10:50;20
15;268;PLUS No. 2 COUNTRY;05/03/2015 08:14;51
15;237;COUNTRY 2;05/03/2015 08:09;41
15;268;PLUS No. 2 COUNTRY;05/03/2015 07:43;53
15;268;PLUS No. 2 COUNTRY;05/03/2015 07:44;30
15;268;PLUS No. 2 COUNTRY;05/03/2015 07:11;31
15;268;PLUS No. 2 COUNTRY;05/03/2015 07:12;24
15;268;PLUS No. 2 COUNTRY;05/03/2015 06:46;40
15;268;PLUS No. 2 COUNTRY;05/03/2015 06:22;19
15;268;PLUS No. 2 COUNTRY;05/03/2015 02:16;1
15;268;PLUS No. 2 COUNTRY;05/03/2015 01:14;28
15;268;PLUS No. 2 COUNTRY;05/03/2015 00:34;34
15;268;PLUS No. 2 COUNTRY;04/03/2015 23:54;44
15;268;PLUS No. 2 COUNTRY;04/03/2015 22:01;28
15;268;PLUS No. 2 COUNTRY;04/03/2015 22:08;14
15;268;PLUS No. 2 COUNTRY;04/03/2015 20:57;66
15;268;PLUS No. 2 COUNTRY;04/03/2015 21:27;62
15;268;PLUS No. 2 COUNTRY;04/03/2015 20:40;72
15;268;PLUS No. 2 COUNTRY;04/03/2015 20:42;56
15;268;PLUS No. 2 COUNTRY;04/03/2015 20:39;42
15;268;PLUS No. 2 COUNTRY;04/03/2015 20:41;57
15;268;PLUS No. 2 COUNTRY;04/03/2015 20:46;30
15;229;HEROES 1;04/03/2015 20:29;36
15;229;HEROES 1;04/03/2015 20:34;20
15;268;PLUS No. 2 COUNTRY;04/03/2015 20:24;26
15;268;PLUS No. 2 COUNTRY;04/03/2015 20:28;42
15;229;HEROES 1;04/03/2015 20:10;22
15;237;COUNTRY 2;04/03/2015 20:08;45
15;268;PLUS No. 2 COUNTRY;04/03/2015 19:58;28
15;237;COUNTRY 2;04/03/2015 19:34;27
15;268;PLUS No. 2 COUNTRY;04/03/2015 19:31;26
15;268;PLUS No. 2 COUNTRY;04/03/2015 19:41;41
15;268;PLUS No. 2 COUNTRY;04/03/2015 19:26;38
15;268;PLUS No. 2 COUNTRY;04/03/2015 19:34;20
15;268;PLUS No. 2 COUNTRY;04/03/2015 19:15;41
15;229;HEROES 1;04/03/2015 19:02;34
15;268;PLUS No. 2 COUNTRY;04/03/2015 18:54;53
15;268;PLUS No. 2 COUNTRY;04/03/2015 19:03;48
15;268;PLUS No. 2 COUNTRY;04/03/2015 18:34;42
15;268;PLUS No. 2 COUNTRY;04/03/2015 18:36;31
15;268;PLUS No. 2 COUNTRY;04/03/2015 18:25;54
15;268;PLUS No. 2 COUNTRY;04/03/2015 18:29;44
15;268;PLUS No. 2 COUNTRY;04/03/2015 17:56;77
15;268;PLUS No. 2 COUNTRY;04/03/2015 16:43;39
15;268;PLUS No. 2 COUNTRY;04/03/2015 15:50;66
15;268;PLUS No. 2 COUNTRY;04/03/2015 16:19;38
15;268;PLUS No. 2 COUNTRY;04/03/2015 15:40;91
15;268;PLUS No. 2 COUNTRY;04/03/2015 15:41;82
15;268;PLUS No. 2 COUNTRY;04/03/2015 15:58;106
15;268;PLUS No. 2 COUNTRY;04/03/2015 16:01;96
15;237;COUNTRY 2;04/03/2015 15:35;38
15;268;PLUS No. 2 COUNTRY;04/03/2015 15:24;49
15;268;PLUS No. 2 COUNTRY;04/03/2015 15:25;36
15;268;PLUS No. 2 COUNTRY;04/03/2015 16:20;105
15;268;PLUS No. 2 COUNTRY;04/03/2015 15:12;66
15;268;PLUS No. 2 COUNTRY;04/03/2015 15:21;60
15;268;PLUS No. 2 COUNTRY;04/03/2015 14:59;61
15;268;PLUS No. 2 COUNTRY;04/03/2015 15:06;61
15;268;PLUS No. 2 COUNTRY;04/03/2015 15:13;62
15;229;HEROES 1;04/03/2015 14:45;49
15;268;PLUS No. 2 COUNTRY;04/03/2015 14:43;46
15;268;PLUS No. 2 COUNTRY;04/03/2015 14:06;79
15;268;PLUS No. 2 COUNTRY;04/03/2015 14:19;66
15;268;PLUS No. 2 COUNTRY;04/03/2015 14:20;66
15;229;HEROES 1;04/03/2015 14:01;40
15;268;PLUS No. 2 COUNTRY;04/03/2015 13:47;28
15;268;PLUS No. 2 COUNTRY;04/03/2015 13:09;73
15;268;PLUS No. 2 COUNTRY;04/03/2015 13:21;61
15;268;PLUS No. 2 COUNTRY;04/03/2015 12:46;51
15;268;PLUS No. 2 COUNTRY;04/03/2015 12:17;54
15;268;PLUS No. 2 COUNTRY;04/03/2015 12:27;62
15;268;PLUS No. 2 COUNTRY;04/03/2015 13:50;149
15;229;HEROES 1;04/03/2015 11:53;36
15;237;COUNTRY 2;04/03/2015 11:44;47
15;268;PLUS No. 2 COUNTRY;04/03/2015 11:39;47
15;268;PLUS No. 2 COUNTRY;04/03/2015 11:07;53
15;268;PLUS No. 2 COUNTRY;04/03/2015 11:11;49
15;229;HEROES 1;04/03/2015 11:06;55
15;237;COUNTRY 2;04/03/2015 10:50;59
15;268;PLUS No. 2 COUNTRY;04/03/2015 10:36;42
15;268;PLUS No. 2 COUNTRY;04/03/2015 10:25;50
15;237;COUNTRY 2;04/03/2015 10:18;23
15;229;HEROES 1;04/03/2015 10:16;65
15;229;HEROES 1;04/03/2015 09:50;48
15;229;HEROES 1;04/03/2015 10:06;41
15;268;PLUS No. 2 COUNTRY;04/03/2015 09:35;63
15;268;PLUS No. 2 COUNTRY;04/03/2015 09:45;60
15;268;PLUS No. 2 COUNTRY;04/03/2015 09:24;103
15;268;PLUS No. 2 COUNTRY;04/03/2015 09:43;61
15;229;HEROES 1;04/03/2015 08:50;46
15;268;PLUS No. 2 COUNTRY;04/03/2015 08:38;59
15;268;PLUS No. 2 COUNTRY;04/03/2015 08:39;49
15;268;PLUS No. 2 COUNTRY;04/03/2015 08:52;25
15;268;PLUS No. 2 COUNTRY;04/03/2015 08:54;67
15;268;PLUS No. 2 COUNTRY;04/03/2015 08:28;28
15;268;PLUS No. 2 COUNTRY;04/03/2015 08:05;55
15;268;PLUS No. 2 COUNTRY;04/03/2015 07:50;28
15;237;COUNTRY 2;04/03/2015 07:31;78
15;237;COUNTRY 2;04/03/2015 08:00;27
15;237;COUNTRY 2;04/03/2015 08:02;24
15;268;PLUS No. 2 COUNTRY;04/03/2015 06:37;55
15;268;PLUS No. 2 COUNTRY;04/03/2015 06:41;30
15;268;PLUS No. 2 COUNTRY;04/03/2015 06:42;38
15;268;PLUS No. 2 COUNTRY;04/03/2015 02:16;4
15;268;PLUS No. 2 COUNTRY;03/03/2015 23:07;25
15;268;PLUS No. 2 COUNTRY;03/03/2015 22:47;38
15;268;PLUS No. 2 COUNTRY;03/03/2015 21:39;43
15;268;PLUS No. 2 COUNTRY;03/03/2015 21:52;29
15;268;PLUS No. 2 COUNTRY;03/03/2015 21:35;33
15;268;PLUS No. 2 COUNTRY;03/03/2015 21:43;18
15;268;PLUS No. 2 COUNTRY;03/03/2015 21:27;28
15;268;PLUS No. 2 COUNTRY;03/03/2015 21:34;15
15;268;PLUS No. 2 COUNTRY;03/03/2015 21:13;99
15;268;PLUS No. 2 COUNTRY;03/03/2015 21:15;45
15;268;PLUS No. 2 COUNTRY;03/03/2015 21:16;96
15;268;PLUS No. 2 COUNTRY;03/03/2015 20:45;39
15;268;PLUS No. 2 COUNTRY;03/03/2015 20:48;40
15;268;PLUS No. 2 COUNTRY;03/03/2015 20:27;51
15;268;PLUS No. 2 COUNTRY;03/03/2015 20:32;53
15;229;HEROES 1;03/03/2015 20:11;15
15;229;HEROES 1;03/03/2015 20:12;22
15;268;PLUS No. 2 COUNTRY;03/03/2015 20:07;60
15;268;PLUS No. 2 COUNTRY;03/03/2015 19:54;37
15;268;PLUS No. 2 COUNTRY;03/03/2015 19:56;36
15;268;PLUS No. 2 COUNTRY;03/03/2015 20:02;29
15;237;COUNTRY 2;03/03/2015 19:28;33
15;268;PLUS No. 2 COUNTRY;03/03/2015 19:24;41
15;268;PLUS No. 2 COUNTRY;03/03/2015 19:31;23
15;268;PLUS No. 2 COUNTRY;03/03/2015 19:36;60
15;229;HEROES 1;03/03/2015 19:20;49
15;268;PLUS No. 2 COUNTRY;03/03/2015 18:55;59
15;268;PLUS No. 2 COUNTRY;03/03/2015 19:00;53
15;237;COUNTRY 2;03/03/2015 18:40;52
15;268;PLUS No. 2 COUNTRY;03/03/2015 18:27;32
15;268;PLUS No. 2 COUNTRY;03/03/2015 18:29;19
15;268;PLUS No. 2 COUNTRY;03/03/2015 18:33;23
15;268;PLUS No. 2 COUNTRY;03/03/2015 18:15;69
15;268;PLUS No. 2 COUNTRY;03/03/2015 18:16;76
15;268;PLUS No. 2 COUNTRY;03/03/2015 17:54;50
15;268;PLUS No. 2 COUNTRY;03/03/2015 17:55;49
15;268;PLUS No. 2 COUNTRY;03/03/2015 17:44;27
15;268;PLUS No. 2 COUNTRY;03/03/2015 17:46;33
15;237;COUNTRY 2;03/03/2015 17:44;71
15;237;COUNTRY 2;03/03/2015 17:29;51
15;268;PLUS No. 2 COUNTRY;04/03/2015 11:20;1132
15;268;PLUS No. 2 COUNTRY;04/03/2015 11:14;48
15;268;PLUS No. 2 COUNTRY;03/03/2015 17:06;51
15;268;PLUS No. 2 COUNTRY;03/03/2015 16:52;37
15;268;PLUS No. 2 COUNTRY;03/03/2015 16:55;38
15;268;PLUS No. 2 COUNTRY;03/03/2015 16:40;75
15;268;PLUS No. 2 COUNTRY;03/03/2015 16:54;41
15;268;PLUS No. 2 COUNTRY;03/03/2015 16:56;49
15;268;PLUS No. 2 COUNTRY;03/03/2015 16:59;47
15;268;PLUS No. 2 COUNTRY;03/03/2015 16:31;28
15;268;PLUS No. 2 COUNTRY;03/03/2015 16:33;25
15;268;PLUS No. 2 COUNTRY;03/03/2015 16:12;50
15;268;PLUS No. 2 COUNTRY;03/03/2015 16:19;57
15;268;PLUS No. 2 COUNTRY;03/03/2015 16:25;71
15;268;PLUS No. 2 COUNTRY;03/03/2015 16:26;23
15;268;PLUS No. 2 COUNTRY;03/03/2015 16:09;46
15;268;PLUS No. 2 COUNTRY;03/03/2015 16:12;26
15;268;PLUS No. 2 COUNTRY;03/03/2015 16:19;36
15;229;HEROES 1;03/03/2015 16:03;74
15;229;HEROES 1;03/03/2015 16:26;50
15;237;COUNTRY 2;03/03/2015 16:00;73
15;268;PLUS No. 2 COUNTRY;03/03/2015 15:28;53
15;268;PLUS No. 2 COUNTRY;03/03/2015 15:34;47
15;268;PLUS No. 2 COUNTRY;03/03/2015 15:40;49
15;268;PLUS No. 2 COUNTRY;03/03/2015 15:15;58
15;268;PLUS No. 2 COUNTRY;03/03/2015 14:56;30
15;229;HEROES 1;03/03/2015 14:33;38
15;268;PLUS No. 2 COUNTRY;03/03/2015 14:32;65
15;268;PLUS No. 2 COUNTRY;03/03/2015 14:54;25
15;268;PLUS No. 2 COUNTRY;03/03/2015 14:58;56
15;237;COUNTRY 2;03/03/2015 14:28;77
15;237;COUNTRY 2;03/03/2015 15:07;66
15;268;PLUS No. 2 COUNTRY;03/03/2015 14:21;125
15;268;PLUS No. 2 COUNTRY;03/03/2015 14:27;111
15;268;PLUS No. 2 COUNTRY;03/03/2015 14:31;68
15;268;PLUS No. 2 COUNTRY;03/03/2015 14:40;76
15;268;PLUS No. 2 COUNTRY;03/03/2015 14:44;25
15;268;PLUS No. 2 COUNTRY;03/03/2015 14:18;50
15;268;PLUS No. 2 COUNTRY;03/03/2015 14:24;32
15;268;PLUS No. 2 COUNTRY;03/03/2015 14:00;63
15;268;PLUS No. 2 COUNTRY;03/03/2015 13:20;58
15;268;PLUS No. 2 COUNTRY;03/03/2015 13:27;51
15;268;PLUS No. 2 COUNTRY;03/03/2015 12:44;58
15;268;PLUS No. 2 COUNTRY;03/03/2015 12:52;28
15;268;PLUS No. 2 COUNTRY;03/03/2015 12:37;30
15;268;PLUS No. 2 COUNTRY;03/03/2015 12:39;34
15;268;PLUS No. 2 COUNTRY;03/03/2015 12:31;35
15;229;HEROES 1;03/03/2015 12:26;60
15;229;HEROES 1;03/03/2015 12:49;41
15;268;PLUS No. 2 COUNTRY;03/03/2015 15:50;237
15;268;PLUS No. 2 COUNTRY;03/03/2015 12:20;17
15;237;COUNTRY 2;03/03/2015 12:08;43
15;268;PLUS No. 2 COUNTRY;03/03/2015 11:53;44
15;268;PLUS No. 2 COUNTRY;03/03/2015 11:31;49
15;229;HEROES 1;03/03/2015 13:20;168
15;229;HEROES 1;03/03/2015 13:26;57
15;268;PLUS No. 2 COUNTRY;03/03/2015 10:49;86
15;268;PLUS No. 2 COUNTRY;03/03/2015 10:56;63
15;237;COUNTRY 2;03/03/2015 10:47;55
15;237;COUNTRY 2;03/03/2015 11:03;7
15;229;HEROES 1;03/03/2015 09:50;38
15;229;HEROES 1;03/03/2015 10:45;37
15;237;COUNTRY 2;03/03/2015 10:26;13
15;237;COUNTRY 2;03/03/2015 10:31;22
15;237;COUNTRY 2;03/03/2015 10:34;30
15;268;PLUS No. 2 COUNTRY;03/03/2015 10:16;70
15;268;PLUS No. 2 COUNTRY;03/03/2015 10:22;61
15;268;PLUS No. 2 COUNTRY;03/03/2015 09:58;96
15;268;PLUS No. 2 COUNTRY;03/03/2015 10:00;52
15;268;PLUS No. 2 COUNTRY;03/03/2015 10:21;41
15;237;COUNTRY 2;03/03/2015 09:54;32
15;268;PLUS No. 2 COUNTRY;03/03/2015 09:39;59
15;268;PLUS No. 2 COUNTRY;03/03/2015 09:48;45
15;268;PLUS No. 2 COUNTRY;03/03/2015 09:50;24
15;268;PLUS No. 2 COUNTRY;03/03/2015 09:16;44
15;268;PLUS No. 2 COUNTRY;03/03/2015 09:25;53
15;237;COUNTRY 2;03/03/2015 09:14;24
15;229;HEROES 1;03/03/2015 09:06;64
15;268;PLUS No. 2 COUNTRY;03/03/2015 09:03;30
15;268;PLUS No. 2 COUNTRY;03/03/2015 08:48;26
15;237;COUNTRY 2;03/03/2015 08:13;55
15;229;HEROES 1;03/03/2015 07:55;56
15;268;PLUS No. 2 COUNTRY;03/03/2015 07:50;72
15;268;PLUS No. 2 COUNTRY;03/03/2015 07:43;31
15;268;PLUS No. 2 COUNTRY;03/03/2015 07:46;56
15;268;PLUS No. 2 COUNTRY;03/03/2015 02:16;251
15;268;PLUS No. 2 COUNTRY;02/03/2015 23:48;11
15;268;PLUS No. 2 COUNTRY;02/03/2015 22:52;26
15;268;PLUS No. 2 COUNTRY;02/03/2015 22:14;76
15;268;PLUS No. 2 COUNTRY;02/03/2015 22:21;35
15;268;PLUS No. 2 COUNTRY;02/03/2015 22:25;21
15;268;PLUS No. 2 COUNTRY;02/03/2015 21:39;48
15;268;PLUS No. 2 COUNTRY;02/03/2015 21:40;34
15;268;PLUS No. 2 COUNTRY;02/03/2015 21:25;45
15;268;PLUS No. 2 COUNTRY;02/03/2015 20:56;90
15;268;PLUS No. 2 COUNTRY;02/03/2015 20:57;87
15;268;PLUS No. 2 COUNTRY;02/03/2015 21:11;72
15;268;PLUS No. 2 COUNTRY;02/03/2015 21:17;52
15;268;PLUS No. 2 COUNTRY;02/03/2015 21:38;0
15;268;PLUS No. 2 COUNTRY;02/03/2015 20:43;67
15;268;PLUS No. 2 COUNTRY;02/03/2015 20:54;73
15;268;PLUS No. 2 COUNTRY;02/03/2015 20:38;43
15;268;PLUS No. 2 COUNTRY;02/03/2015 20:42;38
15;268;PLUS No. 2 COUNTRY;02/03/2015 20:47;18
15;237;COUNTRY 2;02/03/2015 20:37;13
15;268;PLUS No. 2 COUNTRY;02/03/2015 20:27;44
15;229;HEROES 1;02/03/2015 20:21;27
15;229;HEROES 1;02/03/2015 20:23;41
15;268;PLUS No. 2 COUNTRY;02/03/2015 19:59;36
15;268;PLUS No. 2 COUNTRY;02/03/2015 20:00;37
15;268;PLUS No. 2 COUNTRY;02/03/2015 19:40;26
15;229;HEROES 1;02/03/2015 19:36;28
15;229;HEROES 1;02/03/2015 19:42;34
15;229;HEROES 1;02/03/2015 19:42;25
15;268;PLUS No. 2 COUNTRY;02/03/2015 19:25;78
15;268;PLUS No. 2 COUNTRY;02/03/2015 19:28;37
15;268;PLUS No. 2 COUNTRY;02/03/2015 19:30;89
15;268;PLUS No. 2 COUNTRY;02/03/2015 19:37;53
15;268;PLUS No. 2 COUNTRY;02/03/2015 19:39;37
15;237;COUNTRY 2;02/03/2015 19:21;38
15;237;COUNTRY 2;02/03/2015 19:22;50
15;237;COUNTRY 2;02/03/2015 19:07;49
15;229;HEROES 1;02/03/2015 18:43;19
15;229;HEROES 1;02/03/2015 18:45;45
15;268;PLUS No. 2 COUNTRY;02/03/2015 18:49;33
15;268;PLUS No. 2 COUNTRY;02/03/2015 18:38;33
15;237;COUNTRY 2;02/03/2015 18:36;35
15;268;PLUS No. 2 COUNTRY;02/03/2015 18:14;48
15;229;HEROES 1;02/03/2015 17:50;16
15;268;PLUS No. 2 COUNTRY;02/03/2015 17:48;68
15;268;PLUS No. 2 COUNTRY;02/03/2015 17:53;64
15;268;PLUS No. 2 COUNTRY;02/03/2015 17:56;61
15;268;PLUS No. 2 COUNTRY;02/03/2015 17:40;20
15;229;HEROES 1;02/03/2015 16:59;20
15;229;HEROES 1;02/03/2015 17:00;29
15;229;HEROES 1;02/03/2015 17:02;33
15;268;PLUS No. 2 COUNTRY;02/03/2015 16:50;49
15;268;PLUS No. 2 COUNTRY;02/03/2015 16:35;76
15;268;PLUS No. 2 COUNTRY;02/03/2015 16:43;51
15;268;PLUS No. 2 COUNTRY;02/03/2015 16:30;61
15;268;PLUS No. 2 COUNTRY;02/03/2015 16:33;58
15;268;PLUS No. 2 COUNTRY;02/03/2015 15:44;34
15;229;HEROES 1;02/03/2015 15:31;76
15;229;HEROES 1;02/03/2015 15:32;70
15;268;PLUS No. 2 COUNTRY;02/03/2015 15:24;19
15;268;PLUS No. 2 COUNTRY;02/03/2015 15:04;60
15;268;PLUS No. 2 COUNTRY;02/03/2015 15:14;34
15;268;PLUS No. 2 COUNTRY;02/03/2015 14:50;43
15;268;PLUS No. 2 COUNTRY;02/03/2015 14:08;13
15;237;COUNTRY 2;02/03/2015 14:00;54
15;229;HEROES 1;02/03/2015 14:00;33
15;229;HEROES 1;02/03/2015 14:07;37
15;268;PLUS No. 2 COUNTRY;02/03/2015 13:53;38
15;229;HEROES 1;02/03/2015 14:50;73
15;229;HEROES 1;02/03/2015 13:40;18
15;229;HEROES 1;02/03/2015 13:50;9
15;268;PLUS No. 2 COUNTRY;02/03/2015 14:20;81
15;268;PLUS No. 2 COUNTRY;02/03/2015 14:11;49
15;268;PLUS No. 2 COUNTRY;02/03/2015 13:09;43
15;229;HEROES 1;02/03/2015 18:20;352
15;237;COUNTRY 2;02/03/2015 12:32;42
15;268;PLUS No. 2 COUNTRY;02/03/2015 11:26;39
15;268;PLUS No. 2 COUNTRY;02/03/2015 11:28;25
15;237;COUNTRY 2;02/03/2015 11:19;36
15;237;COUNTRY 2;02/03/2015 11:04;23
15;268;PLUS No. 2 COUNTRY;02/03/2015 10:57;27
15;268;PLUS No. 2 COUNTRY;02/03/2015 10:38;45
15;229;HEROES 1;02/03/2015 09:46;48
15;229;HEROES 1;02/03/2015 10:20;55
15;229;HEROES 1;02/03/2015 10:17;17
15;229;HEROES 1;02/03/2015 10:19;25
15;268;PLUS No. 2 COUNTRY;02/03/2015 09:39;48
15;268;PLUS No. 2 COUNTRY;02/03/2015 09:09;47
15;237;COUNTRY 2;02/03/2015 09:01;58
15;268;PLUS No. 2 COUNTRY;02/03/2015 08:55;32
15;268;PLUS No. 2 COUNTRY;02/03/2015 08:40;47
15;268;PLUS No. 2 COUNTRY;02/03/2015 08:31;39
15;268;PLUS No. 2 COUNTRY;02/03/2015 08:43;28
15;237;COUNTRY 2;02/03/2015 08:02;26
15;237;COUNTRY 2;02/03/2015 08:07;21
15;268;PLUS No. 2 COUNTRY;02/03/2015 07:11;40
15;268;PLUS No. 2 COUNTRY;01/03/2015 23:11;474
15;268;PLUS No. 2 COUNTRY;01/03/2015 22:34;636
15;268;PLUS No. 2 COUNTRY;01/03/2015 22:45;21
15;268;PLUS No. 2 COUNTRY;01/03/2015 22:19;30
15;268;PLUS No. 2 COUNTRY;01/03/2015 21:53;17
15;268;PLUS No. 2 COUNTRY;02/03/2015 08:20;699
15;268;PLUS No. 2 COUNTRY;02/03/2015 08:18;38
15;268;PLUS No. 2 COUNTRY;02/03/2015 08:28;100
15;268;PLUS No. 2 COUNTRY;01/03/2015 21:04;74
15;268;PLUS No. 2 COUNTRY;01/03/2015 21:10;46
15;268;PLUS No. 2 COUNTRY;01/03/2015 21:29;56
15;268;PLUS No. 2 COUNTRY;01/03/2015 21:42;25
15;268;PLUS No. 2 COUNTRY;01/03/2015 20:54;48
15;268;PLUS No. 2 COUNTRY;01/03/2015 20:40;60
15;268;PLUS No. 2 COUNTRY;01/03/2015 20:43;50
15;268;PLUS No. 2 COUNTRY;01/03/2015 20:57;23
15;268;PLUS No. 2 COUNTRY;01/03/2015 20:38;58
15;268;PLUS No. 2 COUNTRY;01/03/2015 20:39;24
15;268;PLUS No. 2 COUNTRY;01/03/2015 20:20;25
15;268;PLUS No. 2 COUNTRY;01/03/2015 19:54;40
15;268;PLUS No. 2 COUNTRY;01/03/2015 20:09;29
15;268;PLUS No. 2 COUNTRY;01/03/2015 20:15;39
15;268;PLUS No. 2 COUNTRY;01/03/2015 20:21;27
15;268;PLUS No. 2 COUNTRY;01/03/2015 19:52;24
15;268;PLUS No. 2 COUNTRY;01/03/2015 19:16;59
15;268;PLUS No. 2 COUNTRY;01/03/2015 19:33;17
15;268;PLUS No. 2 COUNTRY;01/03/2015 18:43;53
15;268;PLUS No. 2 COUNTRY;01/03/2015 18:46;40
15;268;PLUS No. 2 COUNTRY;01/03/2015 19:06;45
15;268;PLUS No. 2 COUNTRY;01/03/2015 19:12;17
15;268;PLUS No. 2 COUNTRY;01/03/2015 17:53;73
15;268;PLUS No. 2 COUNTRY;01/03/2015 18:08;63
15;268;PLUS No. 2 COUNTRY;01/03/2015 17:50;81
15;268;PLUS No. 2 COUNTRY;01/03/2015 17:58;60
15;268;PLUS No. 2 COUNTRY;01/03/2015 17:21;79
15;268;PLUS No. 2 COUNTRY;01/03/2015 17:33;57
15;268;PLUS No. 2 COUNTRY;01/03/2015 17:36;46
15;268;PLUS No. 2 COUNTRY;01/03/2015 17:51;27
15;268;PLUS No. 2 COUNTRY;01/03/2015 17:54;42
15;268;PLUS No. 2 COUNTRY;01/03/2015 17:07;51
15;268;PLUS No. 2 COUNTRY;01/03/2015 17:09;51
15;268;PLUS No. 2 COUNTRY;01/03/2015 17:23;47
15;268;PLUS No. 2 COUNTRY;01/03/2015 16:53;46
15;268;PLUS No. 2 COUNTRY;01/03/2015 16:57;52
15;268;PLUS No. 2 COUNTRY;01/03/2015 17:05;28
15;237;COUNTRY 2;01/03/2015 16:41;25
15;268;PLUS No. 2 COUNTRY;01/03/2015 16:09;42
15;268;PLUS No. 2 COUNTRY;01/03/2015 15:57;53
15;229;HEROES 1;01/03/2015 14:57;32
15;268;PLUS No. 2 COUNTRY;01/03/2015 14:50;57
15;268;PLUS No. 2 COUNTRY;01/03/2015 15:00;37
15;237;COUNTRY 2;01/03/2015 14:35;54
15;268;PLUS No. 2 COUNTRY;01/03/2015 14:50;77
15;268;PLUS No. 2 COUNTRY;01/03/2015 13:39;22
15;268;PLUS No. 2 COUNTRY;01/03/2015 13:24;52
15;268;PLUS No. 2 COUNTRY;01/03/2015 13:26;35
15;268;PLUS No. 2 COUNTRY;01/03/2015 12:49;62
15;229;HEROES 1;01/03/2015 12:47;0
15;268;PLUS No. 2 COUNTRY;01/03/2015 12:39;50
15;268;PLUS No. 2 COUNTRY;01/03/2015 11:53;55
15;268;PLUS No. 2 COUNTRY;01/03/2015 11:42;34
15;268;PLUS No. 2 COUNTRY;01/03/2015 11:40;41
15;268;PLUS No. 2 COUNTRY;01/03/2015 11:46;24
15;237;COUNTRY 2;01/03/2015 11:20;0
15;268;PLUS No. 2 COUNTRY;01/03/2015 10:55;28
15;268;PLUS No. 2 COUNTRY;01/03/2015 10:15;75
15;268;PLUS No. 2 COUNTRY;01/03/2015 11:04;27
15;237;COUNTRY 2;01/03/2015 10:13;31
15;229;HEROES 1;01/03/2015 10:01;139
15;229;HEROES 1;01/03/2015 10:24;111
15;268;PLUS No. 2 COUNTRY;01/03/2015 09:34;70
15;268;PLUS No. 2 COUNTRY;01/03/2015 09:46;53
15;268;PLUS No. 2 COUNTRY;01/03/2015 09:48;73
15;229;HEROES 1;01/03/2015 09:25;38
15;237;COUNTRY 2;01/03/2015 09:18;65
15;268;PLUS No. 2 COUNTRY;01/03/2015 09:14;48
15;268;PLUS No. 2 COUNTRY;01/03/2015 08:33;35
15;268;PLUS No. 2 COUNTRY;01/03/2015 08:42;39
15;268;PLUS No. 2 COUNTRY;01/03/2015 07:57;31
15;268;PLUS No. 2 COUNTRY;01/03/2015 07:10;53
15;268;PLUS No. 2 COUNTRY;01/03/2015 07:27;28
15;268;PLUS No. 2 COUNTRY;01/03/2015 07:41;22
15;268;PLUS No. 2 COUNTRY;01/03/2015 07:55;24
15;268;PLUS No. 2 COUNTRY;01/03/2015 01:54;26
15;268;PLUS No. 2 COUNTRY;01/03/2015 00:58;30
15;268;PLUS No. 2 COUNTRY;01/03/2015 00:16;31
